MD,Match_ID,Player,Squad,#,Nation,Pos,Age,Min,Gls,Ast,PK,PKatt,Sh,SoT,CrdY,CrdR,Touches,Tkl,Int,Blocks,xG,npxG,xAG,SCA,GCA,Passes_Cmp,Passes_Att,Passes_Cmp%,Passes_PrgP,Carries_Carries,Carries_PrgC,Take-Ons_Att,Take-Ons_Succ,2CrdY,Fls,Fld,Off,Crs,TklW,PKwon,PKcon,OG,Recov,Aerial Duels_Won,Aerial Duels_Lost,Aerial Duels_Won%
1,1,Abdu Conté,Young Boys,22.0,pt POR,LB,26-177,28,0,0,0,0,0,0,0,0,9,0,0,1,0.0,0.0,0.0,0,0,5,8,62.5,1,5,1,0,0,0,0,0,0,0,0,0,0,0,1,0,0,
1,1,Alan Virginius,Young Boys,21.0,fr FRA,"RM,FW",21-258,28,0,0,0,0,1,0,0,0,3,0,0,0,0.0,0.0,0.0,0,0,0,0,,0,2,1,0,0,0,1,0,0,0,0,0,0,0,0,0,0,
1,1,Cedric Itten,Young Boys,9.0,ch SUI,FW,27-265,8,0,0,0,0,1,0,0,0,5,0,0,0,0.0,0.0,0.0,2,0,3,4,75.0,1,2,0,0,0,0,0,0,0,0,0,0,0,0,0,1,0,100.0
1,1,Cheikh Niasse,Young Boys,20.0,sn SEN,DM,24-242,45,0,0,0,0,0,0,1,0,28,1,0,0,0.0,0.0,0.0,0,0,20,25,80.0,2,20,3,2,2,0,1,2,0,0,0,0,0,0,2,1,0,100.0
1,1,Darian Males,Young Boys,39.0,ch SUI,LM,23-137,8,0,0,0,0,0,0,0,0,6,2,0,0,0.0,0.0,0.0,0,0,1,3,33.3,0,1,0,1,0,0,0,0,0,2,2,0,0,0,0,0,0,
1,1,David von Ballmoos,Young Boys,26.0,ch SUI,GK,29-262,90,0,0,0,0,0,0,0,0,32,0,0,0,0.0,0.0,0.0,0,0,26,31,83.9,0,20,0,0,0,0,0,0,0,0,0,0,0,0,1,0,0,
1,1,Ebrima Colley,Young Boys,11.0,gm GAM,"LW,LM",24-229,62,0,0,0,0,2,1,0,0,26,0,0,0,0.1,0.1,0.1,3,0,15,23,65.2,4,20,2,0,0,0,0,1,0,3,0,0,0,0,0,0,0,
1,1,Filip Ugrinic,Young Boys,7.0,ch SUI,"CM,AM",25-256,90,0,0,0,0,4,2,0,0,53,1,2,1,0.1,0.1,0.2,4,0,36,44,81.8,3,21,2,3,2,0,2,2,0,4,0,0,0,0,6,0,0,
1,1,Jaouen Hadjam,Young Boys,3.0,dz ALG,LB,21-175,62,0,0,0,0,1,0,0,0,49,2,0,0,0.1,0.1,0.0,3,0,36,46,78.3,2,36,1,2,2,0,0,0,0,1,2,0,0,0,8,0,0,
1,1,Joel Monteiro,Young Boys,77.0,ch SUI,"RW,LM,RM",25-043,82,0,0,0,0,0,0,1,0,31,6,2,2,0.0,0.0,0.0,0,0,8,19,42.1,1,16,0,1,0,0,2,0,0,0,4,0,0,0,5,3,1,75.0
1,1,Meschak Elia,Young Boys,15.0,cd COD,"FW,RM",27-042,45,0,0,0,0,0,0,1,0,10,0,0,0,0.0,0.0,0.0,2,0,5,8,62.5,0,5,0,0,0,0,1,0,3,2,0,0,0,0,0,0,1,0.0
1,1,Mohamed Aly Camara,Young Boys,13.0,gn GUI,CB,27-020,90,0,0,0,0,0,0,0,0,58,3,2,3,0.0,0.0,0.0,0,0,43,44,97.7,2,37,2,0,0,0,1,1,0,0,3,0,0,0,5,3,1,75.0
1,1,Sandro Lauper,Young Boys,30.0,ch SUI,"CM,DM",27-328,90,0,0,0,0,0,0,1,0,50,1,3,2,0.0,0.0,0.0,1,0,37,40,92.5,6,29,0,0,0,0,1,0,0,0,0,0,0,0,5,1,1,50.0
1,1,Silvère Ganvoula M'Boussy,Young Boys,35.0,cg CGO,FW,28-087,82,0,0,0,0,2,2,0,0,19,0,0,0,0.2,0.2,0.0,1,0,3,8,37.5,0,10,1,1,1,0,2,1,1,1,0,0,0,0,1,2,1,66.7
1,1,Tanguy Zoukrou,Young Boys,4.0,fr FRA,CB,21-133,90,0,0,0,0,0,0,0,0,67,0,2,1,0.0,0.0,0.0,1,0,55,61,90.2,0,51,1,0,0,0,0,2,0,0,0,0,0,0,2,2,1,66.7
1,1,Zachary Athekame,Young Boys,24.0,ch SUI,RB,19-279,90,0,0,0,0,1,0,0,0,37,1,3,0,0.0,0.0,0.0,4,0,20,27,74.1,3,19,2,0,0,0,3,1,0,1,1,0,0,0,1,1,0,100.0
1,1,Amadou Onana,Aston Villa,24.0,be BEL,DM,23-032,90,1,0,0,0,1,1,0,0,44,2,1,0,0.0,0.0,0.0,0,0,34,37,91.9,4,33,0,0,0,0,4,2,0,0,0,0,0,0,4,0,1,0.0
1,1,Diego Carlos,Aston Villa,3.0,br BRA,CB,31-186,45,0,0,0,0,0,0,0,0,16,0,1,0,0.0,0.0,0.0,0,0,12,14,85.7,1,10,0,0,0,0,0,1,0,1,0,0,0,0,1,1,1,50.0
1,1,Emi Buendía,Aston Villa,10.0,ar ARG,AM,27-267,3,0,0,0,0,0,0,0,0,3,0,0,0,0.0,0.0,0.1,1,0,3,3,100.0,0,2,1,0,0,0,0,0,0,0,0,0,0,0,0,0,0,
1,1,Emiliano Martínez,Aston Villa,23.0,ar ARG,GK,32-015,90,0,0,0,0,0,0,0,0,48,0,0,0,0.0,0.0,0.0,2,0,32,45,71.1,0,29,0,0,0,0,0,1,0,0,0,0,0,0,2,0,0,
1,1,Ezri Konsa,Aston Villa,4.0,eng ENG,"RB,CB",26-330,90,0,0,0,0,1,0,0,0,53,0,2,0,0.1,0.1,0.0,0,0,41,44,93.2,1,34,1,0,0,0,0,1,0,1,0,0,0,0,4,0,1,0.0
1,1,Ian Maatsen,Aston Villa,22.0,nl NED,"LB,DM",22-191,4,0,0,0,0,0,0,0,0,4,1,0,0,0.0,0.0,0.0,0,0,3,4,75.0,0,1,0,0,0,0,0,0,0,0,1,0,0,0,0,0,0,
1,1,Jacob Ramsey,Aston Villa,41.0,eng ENG,LW,23-112,90,1,0,0,0,3,3,0,0,52,0,0,1,0.7,0.7,0.3,6,1,41,43,95.3,9,35,3,1,1,0,0,3,0,0,0,0,0,0,4,0,1,0.0
1,1,Jhon Durán,Aston Villa,9.0,co COL,FW,20-279,31,0,0,0,0,3,0,1,0,12,0,1,0,0.1,0.1,0.0,1,0,3,6,50.0,0,5,1,0,0,0,2,1,0,0,0,0,0,0,0,1,1,50.0
1,1,John McGinn,Aston Villa,7.0,sct SCO,RW,29-335,90,0,1,0,0,2,0,0,0,38,1,1,0,0.2,0.2,0.0,3,1,24,30,80.0,2,28,0,2,1,0,0,1,0,3,1,0,0,0,4,0,0,
1,1,Lamare Bogarde,Aston Villa,26.0,nl NED,RB,20-256,45,0,0,0,0,0,0,0,0,18,3,0,0,0.0,0.0,0.0,1,0,9,11,81.8,0,7,0,0,0,0,2,0,0,0,1,0,0,0,2,0,0,
1,1,Lucas Digne,Aston Villa,12.0,fr FRA,LB,31-059,87,0,0,0,0,0,0,0,0,58,1,0,0,0.0,0.0,0.1,3,1,45,56,80.4,1,29,0,0,0,0,0,0,0,7,1,0,0,0,3,0,2,0.0
1,1,Morgan Rogers,Aston Villa,27.0,eng ENG,AM,22-053,87,0,0,0,0,3,1,0,0,47,0,1,0,0.2,0.2,0.6,8,0,22,33,66.7,6,32,5,5,4,0,0,1,0,0,0,0,0,0,1,2,5,28.6
1,1,Ollie Watkins,Aston Villa,11.0,eng ENG,FW,28-262,59,0,1,0,0,4,0,0,0,19,0,0,0,0.6,0.6,0.8,4,0,8,10,80.0,1,14,1,0,0,0,2,0,0,0,0,0,0,0,1,0,0,
1,1,Pau Torres,Aston Villa,14.0,es ESP,CB,27-245,90,0,0,0,0,0,0,0,0,50,0,0,1,0.0,0.0,0.0,1,0,38,43,88.4,3,27,1,0,0,0,0,0,0,0,0,0,0,0,0,2,1,66.7
1,1,Ross Barkley,Aston Villa,6.0,eng ENG,DM,30-287,3,0,0,0,0,0,0,0,0,4,0,0,0,0.0,0.0,0.0,0,0,2,3,66.7,0,1,0,0,0,0,0,0,0,0,0,0,0,0,0,0,0,
1,1,Youri Tielemans,Aston Villa,8.0,be BEL,DM,27-133,86,1,1,0,0,3,2,0,0,67,2,1,0,0.1,0.1,0.0,6,1,52,56,92.9,6,45,0,2,1,0,2,2,0,0,0,0,0,0,6,0,1,0.0
1,2,Andrea Cambiaso,Juventus,27.0,it ITA,LB,24-210,90,0,0,0,0,0,0,0,0,55,1,0,0,0.0,0.0,0.0,0,0,39,49,79.6,3,32,2,1,0,0,0,0,0,2,1,0,0,0,5,0,0,
1,2,Danilo,Juventus,6.0,br BRA,CB,33-064,34,0,0,0,0,0,0,0,0,26,1,0,1,0.0,0.0,0.0,0,0,18,22,81.8,1,19,0,0,0,0,0,0,0,0,1,0,0,0,3,1,0,100.0
1,2,Douglas Luiz,Juventus,26.0,br BRA,RM,26-131,16,0,0,0,0,1,0,0,0,14,0,0,0,0.0,0.0,0.0,0,0,11,11,100.0,3,9,1,1,1,0,0,0,0,0,0,0,0,0,3,1,0,100.0
1,2,Dušan Vlahović,Juventus,9.0,rs SRB,FW,24-233,90,0,1,0,0,4,1,0,0,21,0,0,0,0.9,0.9,0.8,3,1,8,12,66.7,4,15,1,0,0,0,1,0,1,0,0,0,0,0,1,0,1,0.0
1,2,Federico Gatti,Juventus,4.0,it ITA,CB,26-085,56,0,0,0,0,1,0,0,0,36,0,0,1,0.0,0.0,0.0,0,0,24,26,92.3,0,23,0,0,0,0,0,0,0,0,0,0,0,0,2,1,1,50.0
1,2,Gleison Bremer,Juventus,3.0,br BRA,CB,27-183,90,0,0,0,0,0,0,0,0,77,4,1,4,0.0,0.0,0.0,1,0,57,61,93.4,2,43,0,0,0,0,0,0,0,0,3,0,0,0,8,2,3,40.0
1,2,Kenan Yıldız,Juventus,10.0,tr TUR,LW,19-136,68,1,0,0,0,2,1,0,0,50,2,2,2,0.1,0.1,0.0,4,1,31,38,81.6,6,36,6,4,0,0,2,3,1,3,2,0,0,0,7,1,0,100.0
1,2,Khéphren Thuram,Juventus,19.0,fr FRA,CM,23-175,34,0,0,0,0,0,0,0,0,15,1,1,0,0.0,0.0,0.0,0,0,8,10,80.0,1,7,1,0,0,0,0,0,0,0,1,0,0,0,0,1,0,100.0
1,2,Manuel Locatelli,Juventus,5.0,it ITA,CM,26-253,56,0,0,0,0,0,0,0,0,53,2,0,0,0.0,0.0,0.2,1,0,44,48,91.7,0,37,0,0,0,0,1,1,0,1,2,0,0,0,7,1,0,100.0
1,2,Michele Di Gregorio,Juventus,29.0,it ITA,GK,27-052,90,0,0,0,0,0,0,0,0,41,0,0,0,0.0,0.0,0.0,0,0,32,41,78.0,0,30,0,0,0,0,0,0,0,0,0,0,0,0,1,0,0,
1,2,Nicolás González,Juventus,11.0,ar ARG,RW,26-164,68,1,1,0,0,2,1,0,0,44,0,0,0,0.7,0.7,0.2,5,1,23,30,76.7,3,26,1,6,1,0,0,1,0,0,0,0,0,0,2,3,0,100.0
1,2,Nicolò Fagioli,Juventus,21.0,it ITA,LW,23-218,22,0,0,0,0,1,1,0,0,11,0,0,0,0.1,0.1,0.2,4,0,9,10,90.0,1,11,2,2,1,0,0,0,0,0,0,0,0,0,0,0,0,
1,2,Pierre Kalulu,Juventus,15.0,fr FRA,RB,24-104,90,0,0,0,0,0,0,0,0,75,0,1,4,0.0,0.0,0.0,0,0,62,67,92.5,2,41,2,2,2,0,0,0,0,1,0,0,0,0,6,1,2,33.3
1,2,Teun Koopmeiners,Juventus,8.0,nl NED,LM,26-202,90,0,0,0,0,2,0,0,0,57,2,0,1,0.2,0.2,1.1,6,0,36,47,76.6,5,35,3,1,0,0,2,1,0,5,2,0,0,0,2,2,0,100.0
1,2,Timothy Weah,Juventus,22.0,us USA,RW,24-208,22,0,0,0,0,0,0,0,0,13,2,0,0,0.0,0.0,0.0,0,0,7,11,63.6,1,11,2,1,0,0,1,0,0,0,1,0,0,0,0,0,0,
1,2,Weston McKennie,Juventus,16.0,us USA,RM,26-020,74,1,0,0,0,2,2,0,0,35,1,0,1,0.9,0.9,0.0,1,0,22,25,88.0,3,23,0,1,0,0,0,0,0,0,1,0,0,0,4,0,1,0.0
1,2,Adamo Nagalo,PSV Eindhoven,39.0,bf BFA,RB,21-361,5,0,0,0,0,0,0,0,0,3,0,0,0,0.0,0.0,0.0,0,0,3,3,100.0,0,2,0,0,0,0,0,0,0,0,0,0,0,0,0,0,0,
1,2,Guus Til,PSV Eindhoven,20.0,nl NED,RM,26-270,61,0,0,0,0,2,0,0,0,26,1,0,0,0.4,0.4,0.0,1,0,20,22,90.9,3,13,2,0,0,0,1,0,0,1,0,0,0,0,3,0,1,0.0
1,2,Ismael Saibari,PSV Eindhoven,34.0,ma MAR,LM,23-233,29,1,0,0,0,4,4,0,0,19,0,0,0,0.5,0.5,0.0,0,0,9,13,69.2,1,11,1,0,0,0,0,1,0,0,0,0,0,0,2,0,1,0.0
1,2,Jerdy Schouten,PSV Eindhoven,22.0,nl NED,CM,27-249,90,0,0,0,0,0,0,0,0,65,1,1,0,0.0,0.0,0.0,3,0,56,62,90.3,7,26,0,0,0,0,2,2,0,0,0,0,0,0,6,0,2,0.0
1,2,Joel Drommel,PSV Eindhoven,16.0,nl NED,GK,27-306,90,0,0,0,0,0,0,0,0,49,0,0,0,0.0,0.0,0.0,0,0,37,45,82.2,0,28,0,0,0,0,0,0,0,0,0,0,0,0,1,0,0,
1,2,Joey Veerman,PSV Eindhoven,23.0,nl NED,LM,25-303,61,0,0,0,0,2,1,0,0,54,0,1,1,0.0,0.0,0.1,4,0,40,49,81.6,8,24,0,1,1,0,0,0,0,5,0,0,0,0,6,0,0,
1,2,Johan Bakayoko,PSV Eindhoven,11.0,be BEL,RW,21-150,90,0,1,0,0,2,0,0,0,61,0,0,1,0.1,0.1,0.4,4,1,38,51,74.5,4,50,12,4,1,0,0,0,1,9,0,0,0,0,2,0,0,
1,2,Luuk de Jong,PSV Eindhoven,9.0,nl NED,FW,34-021,76,0,0,0,0,2,0,0,0,34,1,0,0,0.1,0.1,0.0,2,0,19,29,65.5,0,12,0,0,0,0,0,0,0,0,1,0,0,0,1,6,2,75.0
1,2,Malik Tillman,PSV Eindhoven,7.0,us USA,LW,22-112,90,0,0,0,0,0,0,0,0,43,2,1,0,0.0,0.0,0.1,2,0,32,36,88.9,4,21,0,2,1,0,0,1,0,1,1,0,0,0,4,1,1,50.0
1,2,Matteo Dams,PSV Eindhoven,32.0,be BEL,LB,20-192,76,0,0,0,0,0,0,0,0,44,5,1,2,0.0,0.0,0.0,1,0,31,35,88.6,1,23,0,0,0,0,1,0,0,2,4,0,0,0,2,0,3,0.0
1,2,Mauro Júnior,PSV Eindhoven,17.0,br BRA,LB,25-134,14,0,0,0,0,1,0,0,0,13,1,0,0,0.0,0.0,0.0,0,0,9,11,81.8,0,9,1,1,0,0,0,1,0,0,1,0,0,0,3,0,0,
1,2,Noa Lang,PSV Eindhoven,10.0,nl NED,RM,25-092,29,0,0,0,0,0,0,0,0,21,1,0,0,0.0,0.0,0.1,3,0,16,18,88.9,3,13,0,1,0,0,0,0,0,0,1,0,0,0,2,0,1,0.0
1,2,Olivier Boscagli,PSV Eindhoven,18.0,fr FRA,CB,26-304,90,0,0,0,0,0,0,0,0,108,1,5,2,0.0,0.0,0.0,2,1,88,99,88.9,12,64,1,1,1,0,0,0,0,0,1,0,0,0,5,0,0,
1,2,Ricardo Pepi,PSV Eindhoven,14.0,us USA,FW,21-252,14,0,0,0,0,0,0,0,0,4,0,0,0,0.0,0.0,0.0,0,0,3,4,75.0,0,3,0,0,0,0,0,0,0,0,0,0,0,0,0,0,0,
1,2,Richy Ledezma,PSV Eindhoven,37.0,us USA,RB,24-011,85,0,0,0,0,0,0,0,0,102,3,0,2,0.0,0.0,0.4,3,0,88,98,89.8,8,61,1,0,0,0,2,1,0,6,1,0,0,0,7,0,2,0.0
1,2,Ryan Flamingo,PSV Eindhoven,6.0,nl NED,CB,21-261,90,0,0,0,0,0,0,0,0,77,2,1,0,0.0,0.0,0.0,1,0,66,72,91.7,6,50,1,1,1,0,0,1,0,0,1,0,0,0,4,1,1,50.0
1,3,Conrad Harder,Sporting CP,19.0,dk DEN,FW,19-163,3,0,0,0,0,0,0,0,0,0,0,0,0,0.0,0.0,0.0,0,0,0,0,,0,2,0,0,0,0,1,1,0,0,0,0,0,0,0,0,0,
1,3,Daniel Bragança,Sporting CP,23.0,pt POR,CM,25-113,45,0,1,0,0,2,1,0,0,38,3,0,1,0.1,0.1,0.1,4,1,26,28,92.9,2,23,2,2,0,0,2,3,0,1,0,0,0,0,0,2,1,66.7
1,3,Francisco Trincão,Sporting CP,17.0,pt POR,AM,24-263,87,0,0,0,0,2,0,0,0,43,0,1,3,0.1,0.1,0.1,3,0,23,29,79.3,2,19,1,4,1,0,3,3,0,2,0,0,0,0,5,1,1,50.0
1,3,Franco Israel,Sporting CP,1.0,uy URU,GK,24-148,90,0,0,0,0,0,0,0,0,35,0,0,0,0.0,0.0,0.0,0,0,30,33,90.9,0,17,0,0,0,0,0,0,0,0,0,0,0,0,1,1,0,100.0
1,3,Geny Catamo,Sporting CP,21.0,mz MOZ,WB,23-235,90,0,0,0,0,1,0,0,0,42,1,0,0,0.1,0.1,0.1,3,1,31,36,86.1,1,26,4,3,0,0,1,1,0,4,1,0,0,0,4,0,0,
1,3,Geovany Quenda,Sporting CP,57.0,pt POR,WB,17-140,72,0,0,0,0,3,0,0,0,36,0,0,0,0.2,0.2,0.0,2,0,22,29,75.9,0,15,1,2,1,0,0,2,0,1,0,0,0,0,5,0,0,
1,3,Gonçalo Inácio,Sporting CP,25.0,pt POR,CB,23-023,12,0,0,0,0,0,0,0,0,17,4,0,0,0.0,0.0,0.0,0,0,14,15,93.3,0,9,0,0,0,0,0,0,0,0,3,0,0,0,1,0,0,
1,3,Hidemasa Morita,Sporting CP,5.0,jp JPN,CM,29-130,45,0,0,0,0,1,0,1,0,30,0,1,1,0.0,0.0,0.0,1,0,19,24,79.2,1,14,0,0,0,0,1,0,0,0,0,0,0,0,5,0,0,
1,3,Matheus Reis,Sporting CP,2.0,br BRA,CB,29-212,78,0,0,0,0,0,0,0,0,55,2,2,1,0.0,0.0,0.0,3,0,43,50,86.0,4,29,1,0,0,0,0,0,0,2,0,0,0,0,0,1,1,50.0
1,3,Maximiliano Araújo,Sporting CP,20.0,uy URU,WB,24-215,18,0,0,0,0,0,0,0,0,9,1,0,0,0.0,0.0,0.0,0,0,6,8,75.0,2,4,0,0,0,0,0,0,0,0,0,0,0,0,1,0,0,
1,3,Morten Hjulmand,Sporting CP,42.0,dk DEN,CM,25-084,90,0,0,0,0,1,0,0,0,59,3,0,0,0.0,0.0,0.1,2,0,44,52,84.6,3,26,0,0,0,0,1,2,0,0,1,0,0,0,6,0,1,0.0
1,3,Ousmane Diomande,Sporting CP,26.0,ci CIV,CB,20-288,90,0,0,0,0,0,0,0,0,66,0,0,0,0.0,0.0,0.0,1,0,61,65,93.8,2,48,0,0,0,0,1,1,0,0,0,0,0,0,5,2,0,100.0
1,3,Pedro Gonçalves,Sporting CP,8.0,pt POR,AM,26-081,90,0,1,0,0,4,2,0,0,47,4,0,1,0.7,0.7,0.4,7,1,24,33,72.7,5,31,4,2,1,0,2,1,0,1,3,0,0,0,3,0,1,0.0
1,3,Viktor Gyökeres,Sporting CP,9.0,se SWE,FW,26-105,90,1,0,0,0,3,1,0,0,26,0,0,0,0.3,0.3,0.7,6,0,15,18,83.3,1,16,3,3,1,0,3,3,2,1,0,0,0,0,2,1,0,100.0
1,3,Zeno Debast,Sporting CP,6.0,be BEL,CB,20-329,90,1,0,0,0,1,1,1,0,73,4,0,1,0.0,0.0,0.0,0,0,59,67,88.1,2,37,0,1,0,0,2,1,0,0,3,0,0,0,4,0,0,
1,3,Alexsandro Ribeiro,Lille,4.0,br BRA,CB,25-039,90,0,0,0,0,0,0,0,0,68,3,1,4,0.0,0.0,0.0,0,0,44,56,78.6,1,30,0,0,0,0,1,2,1,0,2,0,0,0,5,1,2,33.3
1,3,Angel Gomes,Lille,8.0,eng ENG,CM,24-017,39,0,0,0,0,0,0,2,1,32,1,0,1,0.0,0.0,0.0,0,0,23,27,85.2,2,15,0,0,0,1,4,1,0,0,0,0,0,0,0,0,1,0.0
1,3,Ayyoub Bouaddi,Lille,32.0,fr FRA,CM,16-351,27,0,0,0,0,0,0,1,0,9,1,0,1,0.0,0.0,0.0,0,0,5,7,71.4,0,4,0,0,0,0,4,0,0,0,0,0,0,0,1,1,0,100.0
1,3,Aïssa Mandi,Lille,2.0,dz ALG,"CB,CM",32-331,63,0,0,0,0,0,0,0,0,33,1,0,0,0.0,0.0,0.0,0,0,30,32,93.8,0,16,0,0,0,0,2,1,1,0,1,0,0,0,0,0,0,
1,3,Bafodé Diakité,Lille,18.0,fr FRA,CB,23-255,90,0,0,0,0,0,0,0,0,67,1,1,2,0.0,0.0,0.0,0,0,54,61,88.5,3,22,0,0,0,0,0,2,0,0,1,0,0,0,2,0,0,
1,3,Benjamin André,Lille,21.0,fr FRA,CM,34-045,90,0,0,0,0,1,1,1,0,68,2,0,0,0.0,0.0,0.0,0,0,50,62,80.6,6,26,1,2,1,0,3,2,0,0,1,0,0,0,6,2,2,50.0
1,3,Edon Zhegrova,Lille,23.0,xk KVX,RM,25-170,90,0,0,0,0,0,0,0,0,59,2,0,1,0.0,0.0,0.0,2,0,34,44,77.3,5,36,5,11,6,0,0,0,0,3,1,0,0,0,7,0,1,0.0
1,3,Gabriel Gudmundsson,Lille,5.0,se SWE,LB,25-141,9,0,0,0,0,0,0,0,0,6,0,0,0,0.0,0.0,0.0,0,0,4,6,66.7,0,5,0,1,0,0,0,0,0,0,0,0,0,0,0,0,0,
1,3,Jonathan David,Lille,9.0,ca CAN,FW,24-247,63,0,0,0,0,0,0,1,0,24,0,0,0,0.0,0.0,0.0,0,0,15,17,88.2,2,8,1,2,1,0,0,2,0,1,0,0,0,0,1,0,2,0.0
1,3,Lucas Chevalier,Lille,30.0,fr FRA,GK,22-316,90,0,0,0,0,0,0,0,0,46,0,0,0,0.0,0.0,0.0,0,0,31,43,72.1,0,22,0,0,0,0,0,0,0,0,0,0,0,0,1,0,0,
1,3,Matias Fernandez-Pardo,Lille,19.0,be BEL,FW,19-227,27,0,0,0,0,0,0,0,0,12,1,0,1,0.0,0.0,0.0,0,0,7,8,87.5,1,9,0,0,0,0,1,1,2,0,1,0,0,0,0,0,0,
1,3,Mitchel Bakker,Lille,20.0,nl NED,LB,24-089,81,0,0,0,0,0,0,0,0,44,2,0,0,0.0,0.0,0.0,0,0,34,38,89.5,4,20,3,0,0,0,2,0,0,0,2,0,0,0,7,0,0,
1,3,Osame Sahraoui,Lille,11.0,ma MAR,LM,23-098,70,0,0,0,0,0,0,0,0,32,0,0,1,0.0,0.0,0.0,0,0,19,24,79.2,4,19,2,3,0,0,0,2,1,0,0,0,0,0,4,0,0,
1,3,Rémy Cabella,Lille,10.0,fr FRA,LM,34-193,20,0,0,0,0,2,1,0,0,17,0,1,0,0.4,0.4,0.0,2,0,13,14,92.9,2,9,0,0,0,0,1,1,0,0,0,0,0,0,1,1,0,100.0
1,3,Thomas Meunier,Lille,12.0,be BEL,RB,33-005,63,0,0,0,0,0,0,0,0,44,2,2,0,0.0,0.0,0.0,0,0,35,40,87.5,3,16,0,1,1,0,0,0,1,1,2,0,0,0,7,0,0,
1,3,Tiago Santos,Lille,22.0,pt POR,RB,22-056,27,0,0,0,0,0,0,0,0,19,2,0,0,0.0,0.0,0.0,1,0,12,14,85.7,2,9,0,0,0,0,0,1,0,0,2,0,0,0,0,0,0,
1,4,Antonio Rüdiger,Real Madrid,22.0,de GER,CB,31-198,90,1,0,0,0,1,1,0,0,60,1,1,2,0.2,0.2,0.0,0,0,43,47,91.5,2,32,0,0,0,0,0,0,0,0,1,0,0,0,3,3,0,100.0
1,4,Arda Güler,Real Madrid,15.0,tr TUR,"AM,RW",19-205,16,0,0,0,0,0,0,0,0,12,1,0,1,0.0,0.0,0.1,2,0,8,9,88.9,3,6,0,0,0,0,0,0,0,0,1,0,0,0,2,1,0,100.0
1,4,Aurélien Tchouaméni,Real Madrid,14.0,fr FRA,CM,24-234,69,0,0,0,0,4,1,0,0,47,1,2,1,0.2,0.2,0.0,3,0,33,39,84.6,2,40,0,2,1,0,1,1,0,1,1,0,0,0,4,0,0,
1,4,Dani Carvajal,Real Madrid,2.0,es ESP,"RB,CB",32-250,90,0,1,0,0,0,0,0,0,77,2,2,2,0.0,0.0,0.1,3,1,59,68,86.8,8,46,3,1,0,0,1,1,0,3,0,0,0,0,1,0,2,0.0
1,4,Endrick,Real Madrid,16.0,br BRA,RW,18-058,11,1,0,0,0,1,1,0,0,9,1,0,0,0.1,0.1,0.4,1,0,6,7,85.7,1,4,0,0,0,0,0,0,0,0,1,0,0,0,2,0,0,
1,4,Federico Valverde,Real Madrid,8.0,uy URU,"RM,DM,CM",26-057,90,0,0,0,0,1,0,1,0,44,0,2,1,0.0,0.0,0.1,4,1,34,37,91.9,8,33,3,3,1,0,1,0,0,0,0,0,0,0,0,0,0,
1,4,Ferland Mendy,Real Madrid,23.0,fr FRA,LB,29-101,75,0,0,0,0,0,0,0,0,38,0,0,0,0.0,0.0,0.0,3,0,34,37,91.9,2,25,0,1,0,0,0,1,0,0,0,0,0,0,3,1,1,50.0
1,4,Fran Garcia,Real Madrid,20.0,es ESP,LB,25-034,15,0,0,0,0,0,0,0,0,9,0,0,0,0.0,0.0,0.0,0,0,4,6,66.7,1,3,1,0,0,0,0,0,0,0,0,0,0,0,0,0,0,
1,4,Jude Bellingham,Real Madrid,5.0,eng ENG,LM,21-080,79,0,0,0,0,1,0,0,0,35,2,0,1,0.0,0.0,0.2,2,0,28,30,93.3,8,24,1,1,1,0,2,2,0,0,2,0,0,0,2,0,0,
1,4,Kylian Mbappé,Real Madrid,9.0,fr FRA,FW,25-272,90,1,0,0,0,7,4,0,0,28,1,0,0,1.3,1.3,0.1,5,0,11,15,73.3,2,22,4,2,1,0,0,0,1,0,1,0,0,0,2,0,0,
1,4,Lucas Vázquez,Real Madrid,17.0,es ESP,RB,33-078,45,0,0,0,0,0,0,1,0,33,1,2,0,0.0,0.0,0.0,0,0,23,28,82.1,2,21,1,0,0,0,1,0,0,2,1,0,0,0,2,0,0,
1,4,Luka Modrić,Real Madrid,10.0,hr CRO,"DM,RM",39-008,21,0,1,0,0,0,0,1,0,13,0,0,0,0.0,0.0,0.2,1,1,10,13,76.9,1,9,0,0,0,0,2,0,0,2,0,0,0,0,1,0,0,
1,4,Rodrygo,Real Madrid,11.0,br BRA,RW,23-252,74,0,1,0,0,3,0,0,0,40,0,1,2,0.3,0.3,1.0,8,1,25,34,73.5,3,20,5,5,5,0,1,1,0,7,0,0,0,0,4,0,0,
1,4,Thibaut Courtois,Real Madrid,1.0,be BEL,GK,32-129,90,0,0,0,0,0,0,0,0,50,0,0,0,0.0,0.0,0.0,0,0,36,44,81.8,0,33,0,0,0,0,0,0,0,0,0,0,0,0,0,0,0,
1,4,Vinicius Júnior,Real Madrid,7.0,br BRA,LW,24-067,90,0,0,0,0,2,1,0,0,45,2,1,0,0.5,0.5,0.2,5,0,21,33,63.6,3,37,9,9,3,0,3,2,0,4,1,0,0,0,3,0,1,0.0
1,4,Éder Militão,Real Madrid,3.0,br BRA,CB,26-243,45,0,0,0,0,0,0,1,0,27,0,2,1,0.0,0.0,0.0,0,0,20,22,90.9,1,14,0,0,0,0,1,0,0,0,0,0,0,0,2,1,0,100.0
1,4,Alexander Nübel,Stuttgart,33.0,de GER,GK,27-353,90,0,0,0,0,0,0,0,0,38,0,0,0,0.0,0.0,0.0,1,0,27,34,79.4,0,31,0,0,0,0,0,0,0,0,0,0,0,0,3,0,0,
1,4,Angelo Stiller,Stuttgart,6.0,de GER,"DM,CM",23-166,90,0,0,0,0,2,1,0,0,92,1,0,3,0.5,0.5,0.0,2,0,73,84,86.9,6,62,4,0,0,0,1,0,0,1,1,0,0,0,5,0,0,
1,4,Anrie Chase,Stuttgart,45.0,jp JPN,RB,20-177,28,0,0,0,0,0,0,0,0,17,1,0,0,0.0,0.0,0.0,0,0,12,14,85.7,0,9,0,0,0,0,0,0,0,0,1,0,0,0,1,0,0,
1,4,Anthony Rouault,Stuttgart,29.0,fr FRA,CB,23-111,88,0,0,0,0,0,0,0,0,45,3,2,0,0.0,0.0,0.0,1,0,34,37,91.9,3,30,0,0,0,0,0,0,0,0,2,0,0,0,2,1,0,100.0
1,4,Atakan Karazor,Stuttgart,16.0,,"DM,CM",27-340,90,0,0,0,0,2,0,0,0,106,3,1,2,0.1,0.1,0.1,2,0,92,95,96.8,9,80,1,1,0,0,1,2,0,0,1,0,0,0,8,0,1,0.0
1,4,Chris Führich,Stuttgart,27.0,de GER,LW,26-252,62,0,0,0,0,0,0,0,0,33,1,1,3,0.0,0.0,0.1,2,0,14,22,63.6,0,18,1,2,0,0,0,1,0,2,0,0,0,0,1,0,0,
1,4,Dan-Axel Zagadou,Stuttgart,23.0,fr FRA,CB,25-106,2,0,0,0,0,0,0,0,0,5,0,0,0,0.0,0.0,0.0,0,0,4,4,100.0,0,2,0,0,0,0,0,0,0,0,0,0,0,0,0,0,0,
1,4,Deniz Undav,Stuttgart,26.0,de GER,FW,28-060,75,1,0,0,0,3,1,0,0,23,0,0,0,0.6,0.6,0.8,4,0,12,16,75.0,2,20,1,0,0,0,2,0,3,0,0,0,0,0,2,1,0,100.0
1,4,El Bilal Touré,Stuttgart,10.0,ml MLI,FW,22-350,15,0,0,0,0,1,0,0,0,9,0,0,0,0.1,0.1,0.0,0,0,5,5,100.0,0,4,2,1,0,0,0,2,0,1,0,0,0,0,0,1,0,100.0
1,4,Enzo Millot,Stuttgart,8.0,fr FRA,AM,22-062,74,0,0,0,0,3,1,0,0,49,0,0,1,0.4,0.4,0.1,5,0,38,42,90.5,6,33,2,2,0,0,0,3,1,1,0,0,0,0,3,0,0,
1,4,Ermedin Demirović,Stuttgart,9.0,ba BIH,FW,26-176,16,0,0,0,0,0,0,0,0,6,0,0,0,0.0,0.0,0.0,1,0,4,6,66.7,0,6,0,0,0,0,0,1,0,0,0,0,0,0,0,0,1,0.0
1,4,Fabian Rieder,Stuttgart,32.0,ch SUI,"RM,RW",22-214,28,0,0,0,0,1,0,0,0,30,4,1,0,0.0,0.0,0.1,4,0,15,21,71.4,2,19,0,1,1,0,1,2,0,3,3,0,0,0,2,0,0,
1,4,Jamie Leweling,Stuttgart,18.0,de GER,"RW,LM,LW",23-204,90,0,1,0,0,5,4,0,0,52,1,0,2,0.3,0.3,0.6,5,2,29,38,76.3,3,41,7,2,1,0,1,0,0,4,1,0,0,0,5,0,1,0.0
1,4,Josha Vagnoman,Stuttgart,4.0,de GER,RB,23-281,62,0,0,0,0,0,0,0,0,37,1,0,2,0.0,0.0,0.0,0,0,28,32,87.5,3,19,2,1,1,0,2,2,0,2,1,0,0,0,0,0,0,
1,4,Julian Chabot,Stuttgart,24.0,de GER,CB,26-218,90,0,0,0,0,0,0,0,0,57,0,0,2,0.0,0.0,0.0,0,0,43,46,93.5,2,33,0,0,0,0,0,0,0,0,0,0,0,0,3,0,3,0.0
1,4,Maximilian Mittelstädt,Stuttgart,7.0,de GER,LB,27-183,90,0,0,0,0,0,0,1,0,75,4,0,0,0.0,0.0,0.0,1,0,51,65,78.5,3,42,0,0,0,0,1,0,0,2,4,0,0,0,3,1,0,100.0
1,5,Christian Pulisic,Milan,11.0,us USA,RW,25-365,90,1,0,0,0,1,1,0,0,46,1,0,0,0.0,0.0,0.2,3,0,31,40,77.5,9,30,3,2,1,0,0,1,0,3,1,0,0,0,2,0,0,
1,5,Davide Calabria,Milan,2.0,it ITA,RB,27-286,69,0,0,0,0,0,0,1,0,50,0,0,0,0.0,0.0,0.1,2,1,37,42,88.1,3,24,0,1,0,0,1,0,1,2,0,0,0,0,2,1,1,50.0
1,5,Emerson,Milan,22.0,br BRA,RB,25-247,21,0,0,0,0,0,0,0,0,18,1,0,0,0.0,0.0,0.0,0,0,12,15,80.0,1,11,0,3,0,0,1,2,0,1,1,0,0,0,1,1,1,50.0
1,5,Fikayo Tomori,Milan,23.0,eng ENG,CB,26-273,83,0,0,0,0,0,0,0,0,62,2,2,2,0.0,0.0,0.0,0,0,45,55,81.8,0,36,0,0,0,0,0,0,0,0,1,0,0,0,4,1,1,50.0
1,5,Lorenzo Torriani,Milan,96.0,it ITA,GK,19-230,40,0,0,0,0,0,0,0,0,17,0,0,0,0.0,0.0,0.0,0,0,12,15,80.0,0,9,0,0,0,0,0,0,0,0,0,0,0,0,0,0,0,
1,5,Matteo Gabbia,Milan,46.0,it ITA,CB,24-332,7,0,0,0,0,2,0,0,0,15,0,0,0,0.3,0.3,0.0,1,0,11,12,91.7,0,9,0,0,0,0,0,0,0,0,0,0,0,0,1,3,0,100.0
1,5,Mike Maignan,Milan,16.0,fr FRA,GK,29-076,50,0,0,0,0,0,0,0,0,38,0,0,0,0.0,0.0,0.0,0,0,28,33,84.8,0,29,0,0,0,0,0,1,0,0,0,0,0,0,2,0,0,
1,5,Noah Okafor,Milan,17.0,ch SUI,AM,24-116,7,0,0,0,0,0,0,0,0,3,1,0,0,0.0,0.0,0.0,0,0,2,2,100.0,1,2,1,2,2,0,0,0,0,0,1,0,0,0,1,0,0,
1,5,Rafael Leão,Milan,10.0,pt POR,LW,25-099,90,0,0,0,0,1,1,0,0,32,0,0,1,0.1,0.1,0.0,2,0,16,26,61.5,2,19,3,6,5,0,2,0,1,2,0,0,0,0,1,1,1,50.0
1,5,Ruben Loftus-Cheek,Milan,8.0,eng ENG,DM,28-238,68,0,0,0,0,0,0,0,0,27,2,0,0,0.0,0.0,0.0,0,0,17,21,81.0,4,10,4,1,1,0,0,0,0,0,1,0,0,0,0,0,1,0.0
1,5,Strahinja Pavlović,Milan,31.0,rs SRB,CB,23-116,90,0,0,0,0,0,0,0,0,78,2,0,3,0.0,0.0,0.0,0,0,57,69,82.6,1,43,1,1,0,0,0,0,0,1,2,0,0,0,3,0,0,
1,5,Tammy Abraham,Milan,90.0,eng ENG,FW,26-351,22,0,0,0,0,0,0,0,0,8,0,0,0,0.0,0.0,0.0,1,0,3,6,50.0,1,7,3,3,1,0,1,2,0,1,0,0,0,0,3,0,0,
1,5,Theo Hernández,Milan,19.0,fr FRA,LB,26-347,90,0,0,0,0,1,0,0,0,61,1,3,1,0.0,0.0,0.1,1,0,37,47,78.7,0,29,3,1,0,0,0,3,0,4,0,0,0,0,7,0,0,
1,5,Tijjani Reijnders,Milan,14.0,nl NED,"AM,DM",26-050,90,0,0,0,0,3,0,0,0,39,1,2,0,0.2,0.2,0.1,2,0,28,30,93.3,3,24,0,1,0,0,1,0,1,0,0,0,0,0,5,0,0,
1,5,Youssouf Fofana,Milan,29.0,fr FRA,DM,25-251,90,0,0,0,0,0,0,1,0,59,3,1,1,0.0,0.0,0.0,2,0,44,52,84.6,6,33,1,1,0,0,1,1,0,0,1,0,0,0,7,2,0,100.0
1,5,Álvaro Morata,Milan,7.0,es ESP,"FW,AM",31-330,83,0,1,0,0,0,0,0,0,26,2,0,3,0.0,0.0,0.0,1,1,17,19,89.5,1,10,0,1,1,0,2,2,0,0,1,0,0,0,1,0,3,0.0
1,5,Alexis Mac Allister,Liverpool,10.0,ar ARG,DM,25-268,89,0,0,0,0,0,0,1,0,56,2,0,1,0.0,0.0,0.6,5,0,43,50,86.0,10,21,1,1,0,0,2,0,0,0,2,0,0,0,6,1,0,100.0
1,5,Alisson,Liverpool,1.0,br BRA,GK,31-351,90,0,0,0,0,0,0,0,0,27,0,0,0,0.0,0.0,0.0,0,0,19,26,73.1,0,17,0,0,0,0,0,0,0,0,0,0,0,0,2,0,0,
1,5,Cody Gakpo,Liverpool,18.0,nl NED,LW,25-133,67,0,1,0,0,3,2,0,0,37,1,1,3,0.1,0.1,0.6,6,3,18,24,75.0,2,26,4,7,4,0,0,1,0,2,1,0,0,0,5,1,0,100.0
1,5,Darwin Núñez,Liverpool,9.0,uy URU,FW,25-085,23,0,0,0,0,2,1,0,0,8,0,0,0,0.1,0.1,0.1,2,0,3,3,100.0,1,6,0,2,1,0,0,1,1,0,0,0,0,0,0,0,3,0.0
1,5,Diogo Jota,Liverpool,20.0,pt POR,FW,27-288,67,0,0,0,0,2,1,0,0,21,1,0,0,0.7,0.7,0.1,2,0,11,14,78.6,4,14,0,0,0,0,3,0,1,0,1,0,0,0,0,0,2,0.0
1,5,Dominik Szoboszlai,Liverpool,8.0,hu HUN,AM,23-328,90,1,0,0,0,3,3,0,0,60,0,0,2,0.8,0.8,0.1,5,0,39,51,76.5,8,35,1,4,1,0,0,0,1,1,0,0,0,0,6,0,0,
1,5,Federico Chiesa,Liverpool,14.0,it ITA,RW,26-328,1,0,0,0,0,0,0,0,0,1,0,0,0,0.0,0.0,0.0,0,0,1,1,100.0,1,1,0,0,0,0,0,0,0,0,0,0,0,0,1,0,0,
1,5,Ibrahima Konaté,Liverpool,5.0,fr FRA,CB,25-115,90,1,0,0,0,1,1,1,0,69,1,0,2,0.4,0.4,0.0,1,0,52,56,92.9,1,40,0,1,0,0,1,2,0,0,1,0,0,0,8,2,2,50.0
1,5,Joe Gomez,Liverpool,2.0,eng ENG,RB,27-117,12,0,0,0,0,0,0,0,0,14,0,0,0,0.0,0.0,0.0,0,0,8,9,88.9,1,3,0,0,0,0,0,0,0,1,0,0,0,0,1,0,0,
1,5,Kostas Tsimikas,Liverpool,21.0,gr GRE,LB,28-128,90,0,1,0,0,4,0,0,0,73,0,1,1,0.2,0.2,0.4,4,1,57,64,89.1,7,31,2,0,0,0,1,1,1,5,0,0,0,0,4,0,1,0.0
1,5,Luis Díaz,Liverpool,7.0,co COL,LW,27-248,23,0,0,0,0,0,0,0,0,12,1,0,0,0.0,0.0,0.0,1,0,10,10,100.0,0,11,1,2,1,0,1,0,0,0,1,0,0,0,1,0,0,
1,5,Mohamed Salah,Liverpool,11.0,eg EGY,RW,32-094,89,0,0,0,0,5,2,0,0,28,2,0,0,0.4,0.4,0.0,6,1,15,19,78.9,4,18,4,4,3,0,0,1,0,0,1,0,0,0,1,0,0,
1,5,Ryan Gravenberch,Liverpool,38.0,nl NED,DM,22-124,90,0,0,0,0,0,0,0,0,50,1,7,2,0.0,0.0,0.0,1,0,36,40,90.0,2,28,1,0,0,0,2,2,0,0,1,0,0,0,10,0,0,
1,5,Trent Alexander-Arnold,Liverpool,66.0,eng ENG,RB,25-346,78,0,1,0,0,1,0,0,0,59,3,1,1,0.0,0.0,0.5,5,1,41,53,77.4,5,33,2,0,0,0,0,0,0,6,1,0,0,0,2,0,0,
1,5,Virgil van Dijk,Liverpool,4.0,nl NED,CB,33-071,90,1,0,0,0,2,1,0,0,80,0,0,1,0.4,0.4,0.0,1,0,65,74,87.8,3,45,0,0,0,0,1,0,0,0,0,0,0,0,1,4,0,100.0
1,5,Wataru Endo,Liverpool,3.0,jp JPN,DM,31-221,1,0,0,0,0,0,0,0,0,5,2,0,0,0.0,0.0,0.0,0,0,0,2,0.0,0,1,0,0,0,0,1,0,0,0,1,0,0,0,0,0,1,0.0
1,6,Aleksandar Pavlovic,Bayern Munich,45.0,de GER,DM,20-137,90,0,0,0,0,0,0,0,0,111,0,2,1,0.0,0.0,0.0,4,1,101,104,97.1,11,75,0,0,0,0,2,1,0,0,0,1,0,0,4,1,0,100.0
1,6,Alphonso Davies,Bayern Munich,19.0,ca CAN,LB,23-320,90,0,0,0,0,3,1,0,0,89,1,0,0,0.2,0.2,0.2,7,1,70,76,92.1,7,66,14,2,1,0,0,2,0,3,1,1,0,0,6,0,0,
1,6,Dayot Upamecano,Bayern Munich,2.0,fr FRA,CB,25-326,90,0,0,0,0,1,1,0,0,79,1,1,1,0.3,0.3,0.0,0,0,72,74,97.3,5,55,0,0,0,0,1,0,0,0,1,0,0,0,4,5,2,71.4
1,6,Eric Dier,Bayern Munich,15.0,eng ENG,CB,30-246,22,0,0,0,0,1,0,0,0,22,0,0,0,0.0,0.0,0.0,1,1,20,20,100.0,1,14,0,0,0,0,1,0,0,0,0,0,0,0,1,0,0,
1,6,Harry Kane,Bayern Munich,9.0,eng ENG,FW,31-051,90,4,0,3,3,5,3,0,0,47,0,1,0,3.4,1.4,0.0,4,1,30,36,83.3,3,25,2,1,1,0,0,0,1,0,0,0,0,0,0,1,0,100.0
1,6,Jamal Musiala,Bayern Munich,42.0,de GER,AM,21-204,67,0,2,0,0,4,3,0,0,69,0,0,0,0.3,0.3,1.8,11,4,41,55,74.5,7,49,6,7,4,0,1,0,1,0,0,0,0,0,4,0,0,
1,6,Joshua Kimmich,Bayern Munich,6.0,de GER,"DM,RB",29-222,90,0,2,0,0,1,1,0,0,110,3,0,0,0.1,0.1,0.6,11,3,93,106,87.7,14,83,4,0,0,0,0,0,0,7,0,0,0,0,9,0,1,0.0
1,6,Kim Min-jae,Bayern Munich,3.0,kr KOR,CB,27-307,68,0,0,0,0,0,0,0,0,81,0,0,0,0.0,0.0,0.0,0,0,73,77,94.8,9,62,1,0,0,0,1,0,0,0,0,0,0,0,4,2,3,40.0
1,6,Leon Goretzka,Bayern Munich,8.0,de GER,DM,29-224,10,1,0,0,0,1,1,0,0,20,2,0,0,0.1,0.1,0.0,0,0,18,18,100.0,5,10,1,0,0,0,1,0,0,0,1,0,0,0,1,1,0,100.0
1,6,Leroy Sané,Bayern Munich,10.0,de GER,RW,28-250,23,1,0,0,0,1,1,0,0,17,0,0,1,0.1,0.1,0.0,1,1,10,12,83.3,0,10,1,3,2,0,0,0,0,0,0,0,0,0,3,0,0,
1,6,Manuel Neuer,Bayern Munich,1.0,de GER,GK,38-174,45,0,0,0,0,0,0,0,0,24,0,0,0,0.0,0.0,0.0,0,0,24,24,100.0,1,17,0,0,0,0,0,1,0,0,0,0,0,0,3,0,0,
1,6,Michael Olise,Bayern Munich,17.0,fr FRA,RW,22-280,67,2,0,0,0,4,2,0,0,80,2,0,0,1.3,1.3,0.0,3,0,55,68,80.9,4,53,5,6,2,0,1,0,0,7,2,0,0,0,7,2,1,66.7
1,6,Raphaël Guerreiro,Bayern Munich,22.0,pt POR,RB,30-270,80,1,0,0,0,3,1,0,0,79,1,4,2,0.2,0.2,0.2,3,0,61,70,87.1,8,47,3,0,0,0,0,0,0,1,1,0,0,0,3,0,0,
1,6,Serge Gnabry,Bayern Munich,7.0,de GER,LW,29-065,90,0,0,0,0,2,2,0,0,56,0,2,2,0.1,0.1,0.0,5,1,38,46,82.6,3,38,1,3,1,0,0,0,3,3,0,0,0,0,2,0,0,
1,6,Sven Ulreich,Bayern Munich,26.0,de GER,GK,36-045,45,0,0,0,0,0,0,0,0,15,0,0,0,0.0,0.0,0.0,0,0,14,14,100.0,0,9,0,0,0,0,0,0,0,0,0,0,0,0,2,0,0,
1,6,Thomas Müller,Bayern Munich,25.0,de GER,AM,35-004,23,0,1,0,0,0,0,0,0,9,0,0,0,0.0,0.0,0.2,4,3,6,8,75.0,0,4,0,1,0,0,0,0,0,1,0,0,0,0,1,0,0,
1,6,Arbër Hoxha,Dinamo Zagreb,11.0,al ALB,LB,25-347,18,0,0,0,0,0,0,0,0,13,1,0,1,0.0,0.0,0.0,0,0,9,12,75.0,0,8,0,1,1,0,0,0,0,0,0,0,0,0,1,0,0,
1,6,Arijan Ademi,Dinamo Zagreb,5.0,mk MKD,CM,33-111,13,0,0,0,0,0,0,0,0,7,0,0,0,0.0,0.0,0.0,0,0,3,4,75.0,1,3,0,0,0,0,0,0,0,0,0,0,0,0,1,0,0,
1,6,Bruno Petković,Dinamo Zagreb,9.0,hr CRO,FW,30-001,90,1,0,0,0,1,1,0,0,40,2,0,0,0.2,0.2,0.0,0,0,24,32,75.0,3,22,0,0,0,0,1,2,0,0,1,0,0,0,3,6,2,75.0
1,6,Dario Špikić,Dinamo Zagreb,77.0,hr CRO,RB,25-179,18,0,0,0,0,0,0,0,0,8,0,0,1,0.0,0.0,0.0,0,0,5,7,71.4,0,4,0,1,1,0,1,0,0,0,0,0,0,0,1,0,0,
1,6,Ivan Nevistić,Dinamo Zagreb,33.0,hr CRO,GK,26-048,90,0,0,0,0,0,0,0,0,50,0,0,0,0.0,0.0,0.0,0,0,27,39,69.2,0,32,0,0,0,0,0,0,0,0,0,0,0,0,3,0,1,0.0
1,6,Josip Mišić,Dinamo Zagreb,27.0,hr CRO,CM,30-081,90,0,1,0,0,0,0,0,0,47,3,1,5,0.0,0.0,0.3,1,1,31,38,81.6,1,21,1,0,0,0,1,0,0,0,3,0,1,0,2,0,0,
1,6,Kévin Théophile-Catherine,Dinamo Zagreb,28.0,fr FRA,CB,34-325,90,0,0,0,0,0,0,0,0,44,2,2,5,0.0,0.0,0.0,0,0,22,28,78.6,1,20,1,0,0,0,1,0,0,0,2,0,1,0,4,0,2,0.0
1,6,Luka Stojkovic,Dinamo Zagreb,7.0,hr CRO,CM,20-325,45,0,0,0,0,0,0,0,0,22,1,0,0,0.0,0.0,0.0,2,0,15,19,78.9,1,13,3,1,1,0,0,1,0,0,0,0,0,0,0,0,0,
1,6,Marko Pjaca,Dinamo Zagreb,20.0,hr CRO,FW,29-134,60,0,1,0,0,2,1,0,0,14,1,0,0,0.1,0.1,0.2,2,1,8,9,88.9,1,11,2,0,0,0,0,1,0,0,1,0,0,0,0,0,3,0.0
1,6,Marko Rog,Dinamo Zagreb,30.0,hr CRO,CM,29-060,45,0,0,0,0,0,0,0,0,18,1,0,2,0.0,0.0,0.0,0,0,10,13,76.9,0,5,1,2,2,0,1,1,0,0,0,0,0,0,5,0,1,0.0
1,6,Martin Baturina,Dinamo Zagreb,10.0,hr CRO,CM,21-214,77,0,0,0,0,0,0,0,0,31,1,1,1,0.0,0.0,0.0,0,0,23,25,92.0,2,25,2,2,0,0,0,2,0,0,1,0,0,0,7,0,1,0.0
1,6,Ronaël Pierre-Gabriel,Dinamo Zagreb,18.0,fr FRA,RB,26-096,72,0,0,0,0,0,0,0,0,25,1,1,2,0.0,0.0,0.1,2,1,13,17,76.5,3,10,2,2,2,0,1,0,0,2,1,0,1,0,4,0,0,
1,6,Samy Mmaee,Dinamo Zagreb,13.0,ma MAR,CB,28-009,90,0,0,0,0,0,0,0,0,49,0,5,0,0.0,0.0,0.0,0,0,33,40,82.5,1,34,0,0,0,0,0,0,0,0,0,0,0,0,4,0,1,0.0
1,6,Sandro Kulenović,Dinamo Zagreb,17.0,hr CRO,FW,24-288,30,0,0,0,0,0,0,0,0,5,0,0,0,0.0,0.0,0.0,0,0,3,4,75.0,0,3,0,0,0,0,0,1,0,0,0,0,0,0,0,0,0,
1,6,Stefan Ristovski,Dinamo Zagreb,22.0,mk MKD,CB,32-218,90,0,0,0,0,0,0,1,0,50,0,2,2,0.0,0.0,0.0,0,0,32,42,76.2,0,28,0,0,0,0,0,0,0,0,0,0,0,0,2,1,1,50.0
1,6,Takuya Ogiwara,Dinamo Zagreb,3.0,jp JPN,LB,24-299,72,1,0,0,0,1,1,0,0,33,4,1,0,0.3,0.3,0.0,1,1,15,20,75.0,0,16,1,0,0,0,0,0,0,1,3,0,0,0,1,0,0,
1,7,Charalambos Lykogiannis,Bologna,22.0,gr GRE,LB,30-332,77,0,0,0,0,1,1,0,0,53,2,0,0,0.0,0.0,0.0,3,0,39,47,83.0,8,25,0,2,1,0,0,0,1,6,1,0,0,0,4,1,0,100.0
1,7,Dan Ndoye,Bologna,11.0,ch SUI,LW,23-329,90,0,0,0,0,2,0,0,0,48,2,0,0,0.1,0.1,0.2,7,0,25,32,78.1,8,38,6,10,2,0,1,4,0,3,2,0,0,0,7,0,0,
1,7,Giovanni Fabbian,Bologna,80.0,it ITA,RM,21-248,77,0,0,0,0,2,2,0,0,16,0,0,1,0.5,0.5,0.0,1,0,7,10,70.0,0,7,0,2,0,0,2,1,0,1,0,0,0,0,2,0,1,0.0
1,7,Jhon Lucumí,Bologna,26.0,co COL,CB,26-084,90,0,0,0,0,1,0,0,0,98,5,1,1,0.1,0.1,0.0,1,0,80,87,92.0,6,69,1,0,0,0,1,1,0,0,5,0,0,0,7,5,1,83.3
1,7,Juan Miranda,Bologna,33.0,es ESP,LB,24-243,13,0,0,0,0,0,0,0,0,8,1,0,1,0.0,0.0,0.0,0,0,5,6,83.3,0,2,0,0,0,0,0,0,0,0,1,0,0,0,1,0,0,
1,7,Kacper Urbanski,Bologna,82.0,pl POL,RM,20-011,13,0,0,0,0,0,0,0,0,7,0,0,0,0.0,0.0,0.0,1,0,7,7,100.0,2,6,1,1,1,0,0,0,0,2,0,0,0,0,0,0,0,
1,7,Nikola Moro,Bologna,6.0,hr CRO,LM,26-190,64,0,0,0,0,2,0,0,0,32,0,0,0,0.1,0.1,0.5,3,0,17,27,63.0,4,12,0,0,0,0,3,0,0,3,0,0,0,0,2,1,0,100.0
1,7,Remo Freuler,Bologna,8.0,ch SUI,CM,32-156,90,0,0,0,0,0,0,0,0,51,3,3,0,0.0,0.0,0.0,0,0,39,42,92.9,3,35,1,0,0,0,1,0,0,0,2,0,0,0,1,2,0,100.0
1,7,Riccardo Orsolini,Bologna,7.0,it ITA,RW,27-238,64,0,0,0,0,3,0,0,0,41,2,0,1,0.1,0.1,0.0,4,0,19,32,59.4,5,27,3,1,0,0,0,2,0,3,2,0,0,0,8,1,1,50.0
1,7,Sam Beukema,Bologna,31.0,nl NED,CB,25-306,90,0,0,0,0,0,0,0,0,84,1,0,0,0.0,0.0,0.0,2,0,77,81,95.1,10,70,2,0,0,0,0,2,0,1,1,0,0,0,7,0,1,0.0
1,7,Samuel Iling-Junior,Bologna,14.0,eng ENG,RW,20-350,26,0,0,0,0,0,0,0,0,23,0,0,2,0.0,0.0,0.0,1,0,13,17,76.5,2,16,4,1,0,0,0,1,0,3,0,0,0,0,1,0,0,
1,7,Santiago Castro,Bologna,9.0,ar ARG,FW,19-355,64,0,0,0,0,3,1,1,0,17,0,0,0,0.2,0.2,0.2,4,0,7,12,58.3,1,8,1,0,0,0,2,0,0,0,0,0,0,0,2,1,0,100.0
1,7,Stefan Posch,Bologna,3.0,at AUT,RB,27-127,90,0,0,0,0,2,0,1,0,62,2,0,2,0.1,0.1,0.1,1,0,43,53,81.1,5,34,2,1,1,0,3,1,0,2,2,0,1,0,7,3,1,75.0
1,7,Thijs Dallinga,Bologna,24.0,nl NED,FW,24-046,26,0,0,0,0,0,0,0,0,6,0,0,0,0.0,0.0,0.0,0,0,4,4,100.0,0,6,0,0,0,0,0,0,0,0,0,0,0,0,0,0,1,0.0
1,7,Tommaso Pobega,Bologna,18.0,it ITA,LM,25-065,26,0,0,0,0,1,0,0,0,17,0,0,1,0.0,0.0,0.0,0,0,13,15,86.7,1,13,0,1,1,0,0,0,0,0,0,0,0,0,1,0,2,0.0
1,7,Łukasz Skorupski,Bologna,1.0,pl POL,GK,33-136,90,0,0,0,0,0,0,0,0,30,0,0,0,0.0,0.0,0.0,0,0,24,28,85.7,0,16,0,0,0,0,0,0,0,0,0,0,0,0,0,0,0,
1,7,Artem Bondarenko,Shakhtar Donetsk,21.0,ua UKR,DM,24-028,78,0,0,0,0,1,0,0,0,41,2,0,1,0.0,0.0,0.0,0,0,32,36,88.9,4,18,2,0,0,0,2,2,0,0,2,0,0,0,5,0,2,0.0
1,7,Danylo Sikan,Shakhtar Donetsk,14.0,ua UKR,FW,23-155,34,0,0,0,0,0,0,0,0,9,1,0,0,0.0,0.0,0.0,0,0,6,7,85.7,0,5,1,1,0,0,0,0,0,0,1,0,0,0,0,1,1,50.0
1,7,Dmytro Kryskiv,Shakhtar Donetsk,8.0,ua UKR,"DM,AM",23-348,90,0,0,0,0,0,0,0,0,55,0,0,1,0.0,0.0,0.0,0,0,48,52,92.3,5,25,0,0,0,0,1,2,0,2,0,0,0,0,4,0,1,0.0
1,7,Dmytro Riznyk,Shakhtar Donetsk,31.0,ua UKR,GK,25-232,90,0,0,0,0,0,0,0,0,74,0,0,0,0.0,0.0,0.0,0,0,52,72,72.2,0,52,0,0,0,0,0,0,0,0,0,0,0,0,0,1,0,100.0
1,7,Eguinaldo,Shakhtar Donetsk,7.0,br BRA,"LW,FW",20-040,90,0,0,0,0,1,0,0,0,30,2,0,0,0.0,0.0,0.0,1,0,15,20,75.0,0,15,2,2,0,0,0,3,0,1,1,1,0,0,1,1,4,20.0
1,7,Heorhiy Sudakov,Shakhtar Donetsk,10.0,ua UKR,AM,22-017,78,0,0,0,1,0,0,0,0,53,0,1,3,0.8,0.0,0.0,1,0,35,45,77.8,6,39,1,2,0,0,0,3,0,2,0,0,0,0,3,0,1,0.0
1,7,Lassina Franck Traoré,Shakhtar Donetsk,2.0,bf BFA,FW,23-250,12,0,0,0,0,0,0,0,0,7,0,0,1,0.0,0.0,0.0,0,0,6,6,100.0,1,2,0,0,0,0,0,0,0,0,0,0,0,0,1,1,1,50.0
1,7,Marlon Gomes,Shakhtar Donetsk,30.0,br BRA,DM,20-279,12,0,0,0,0,0,0,1,0,9,0,0,1,0.0,0.0,0.0,0,0,5,7,71.4,0,6,0,0,0,0,1,0,0,0,0,0,0,0,0,0,0,
1,7,Mykola Matviyenko,Shakhtar Donetsk,22.0,ua UKR,CB,28-139,90,0,0,0,0,0,0,0,0,111,1,1,3,0.0,0.0,0.0,1,0,91,105,86.7,2,66,0,1,1,0,0,0,0,0,1,0,0,0,4,1,1,50.0
1,7,Newerton,Shakhtar Donetsk,39.0,br BRA,"LW,RW",19-107,56,0,0,0,0,1,0,0,0,25,1,1,0,0.0,0.0,0.0,0,0,11,16,68.8,1,20,1,6,2,0,2,1,1,1,1,0,0,0,7,0,1,0.0
1,7,Oleksandr Zubkov,Shakhtar Donetsk,11.0,ua UKR,RW,28-046,78,0,0,0,0,0,0,0,0,21,1,0,0,0.0,0.0,0.0,1,0,11,15,73.3,0,11,0,1,0,0,0,0,0,1,1,0,0,0,4,0,0,
1,7,Pedrinho,Shakhtar Donetsk,13.0,br BRA,LB,22-069,90,0,0,0,0,0,0,0,0,67,0,4,1,0.0,0.0,0.0,0,0,50,60,83.3,2,28,2,3,3,0,2,0,0,1,0,0,0,0,4,1,0,100.0
1,7,Taras Stepanenko,Shakhtar Donetsk,6.0,ua UKR,DM,35-041,12,0,0,0,0,0,0,1,0,7,1,0,0,0.0,0.0,0.0,1,0,5,6,83.3,0,4,0,0,0,0,2,0,0,0,1,0,0,0,0,0,1,0.0
1,7,Valerii Bondar,Shakhtar Donetsk,5.0,ua UKR,CB,25-204,90,0,0,0,0,0,0,1,0,76,0,1,0,0.0,0.0,0.0,0,0,61,67,91.0,1,35,0,0,0,0,1,0,0,0,0,0,0,0,5,2,0,100.0
1,7,Vinicius Tobias,Shakhtar Donetsk,17.0,br BRA,RB,20-208,50,0,0,0,0,0,0,1,0,36,5,1,4,0.0,0.0,0.0,1,0,23,25,92.0,0,17,0,1,0,0,1,1,0,0,4,0,0,0,2,0,1,0.0
1,7,Yukhym Konoplia,Shakhtar Donetsk,26.0,ua UKR,RB,25-023,40,0,0,0,0,0,0,0,0,11,1,0,0,0.0,0.0,0.0,0,0,7,9,77.8,0,2,0,1,1,0,0,0,0,0,0,0,0,0,0,0,0,
1,8,Albion Rrahmani,Sparta Prague,10.0,xk KVX,FW,24-018,27,0,0,0,0,0,0,0,0,6,0,0,0,0.0,0.0,0.3,2,0,3,5,60.0,1,6,1,2,2,0,0,1,0,0,0,0,0,0,1,0,2,0.0
1,8,Ermal Krasniqi,Sparta Prague,29.0,xk KVX,RW,26-011,19,0,0,0,0,1,0,0,0,7,0,0,0,0.5,0.5,0.0,1,0,2,4,50.0,0,6,0,2,1,0,1,1,0,0,0,0,0,0,2,0,0,
1,8,Filip Panák,Sparta Prague,27.0,cz CZE,CB,28-321,90,0,1,0,0,0,0,0,0,37,1,1,1,0.0,0.0,0.2,2,1,23,31,74.2,2,18,0,0,0,0,0,0,0,0,1,0,0,0,2,1,1,50.0
1,8,Jaroslav Zelený,Sparta Prague,30.0,cz CZE,CB,32-029,90,0,0,0,0,0,0,0,0,50,1,1,0,0.0,0.0,0.0,0,0,37,43,86.0,2,27,1,3,0,0,2,2,0,0,1,0,0,0,4,0,0,
1,8,Kaan Kairinen,Sparta Prague,6.0,fi FIN,CM,25-271,90,1,0,0,0,1,1,0,0,40,0,1,0,0.4,0.4,0.0,0,0,24,32,75.0,4,22,0,1,0,0,1,0,0,2,0,0,0,0,8,1,0,100.0
1,8,Lukáš Haraslín,Sparta Prague,22.0,sk SVK,LW,28-115,71,0,0,0,0,5,2,0,0,25,2,2,0,0.2,0.2,0.0,3,1,11,17,64.7,1,17,2,1,0,0,2,3,0,2,2,0,0,0,5,0,0,
1,8,Lukáš Sadílek,Sparta Prague,18.0,cz CZE,CM,28-118,7,0,0,0,0,0,0,0,0,5,0,1,0,0.0,0.0,0.0,0,0,2,4,50.0,1,2,0,0,0,0,0,0,0,0,0,0,0,0,0,0,0,
1,8,Martin Vitík,Sparta Prague,41.0,cz CZE,CB,21-241,90,0,0,0,0,0,0,1,0,25,3,0,1,0.0,0.0,0.0,0,0,8,13,61.5,1,10,0,3,1,0,1,0,0,0,2,0,0,0,1,0,1,0.0
1,8,Matěj Ryneš,Sparta Prague,32.0,cz CZE,LM,23-111,20,0,0,0,0,0,0,0,0,7,1,0,0,0.0,0.0,0.0,1,0,5,6,83.3,1,5,0,0,0,0,0,1,0,0,1,0,0,0,2,0,0,
1,8,Peter Vindahl Jensen,Sparta Prague,1.0,dk DEN,GK,26-215,90,0,0,0,0,0,0,0,0,31,0,0,0,0.0,0.0,0.0,0,0,13,30,43.3,0,20,0,0,0,0,0,0,0,0,0,0,0,0,0,2,0,100.0
1,8,Qazim Laçi,Sparta Prague,20.0,al ALB,CM,28-243,83,1,0,0,0,1,1,0,0,34,3,2,5,0.7,0.7,0.0,2,2,13,18,72.2,4,17,2,4,3,0,2,0,0,0,2,0,0,0,4,0,1,0.0
1,8,Tomáš Wiesner,Sparta Prague,28.0,cz CZE,LM,27-063,70,0,0,0,0,0,0,0,0,34,2,1,1,0.0,0.0,0.0,0,0,16,23,69.6,2,19,0,3,0,0,1,0,0,0,0,0,0,0,3,1,1,50.0
1,8,Veljko Birmančević,Sparta Prague,14.0,rs SRB,"RW,LW",26-197,90,0,0,0,0,1,1,0,0,40,3,1,4,0.3,0.3,0.0,3,0,13,24,54.2,4,18,1,4,1,0,0,1,1,3,3,0,0,0,4,3,0,100.0
1,8,Victor Olatunji,Sparta Prague,7.0,ng NGA,FW,25-013,63,1,1,0,0,2,1,0,0,12,0,0,0,0.5,0.5,0.7,0,0,3,5,60.0,0,11,0,3,1,0,1,3,0,0,0,0,0,0,3,1,2,33.3
1,8,Ángelo Preciado,Sparta Prague,17.0,ec ECU,RM,26-213,90,0,0,0,0,0,0,0,0,43,2,0,2,0.0,0.0,0.4,2,0,15,32,46.9,0,22,3,2,1,0,0,1,0,2,0,0,0,0,6,0,0,
1,8,Adam Daghim,Red Bull Salzburg,28.0,dk DEN,RW,18-356,34,0,0,0,0,1,0,0,0,16,0,2,1,0.1,0.1,0.0,0,0,6,8,75.0,1,11,2,6,3,0,1,0,0,1,0,0,0,0,1,0,0,
1,8,Amar Dedić,Red Bull Salzburg,70.0,ba BIH,"RB,LB",22-031,90,0,0,0,0,2,1,0,0,83,3,0,1,0.0,0.0,0.0,0,0,61,71,85.9,3,58,5,3,3,0,1,0,0,0,3,0,0,0,7,0,0,
1,8,Bobby Clark,Red Bull Salzburg,10.0,eng ENG,LM,19-224,65,0,0,0,0,1,0,0,0,58,4,0,1,0.1,0.1,0.0,2,0,46,48,95.8,3,43,0,1,0,0,0,0,0,0,1,0,0,0,2,0,0,
1,8,Hendry Blank,Red Bull Salzburg,4.0,de GER,CB,20-028,90,0,0,0,0,0,0,0,0,84,2,0,0,0.0,0.0,0.0,0,0,69,76,90.8,6,64,0,0,0,0,1,0,0,0,1,0,0,0,3,1,1,50.0
1,8,Janis Blaswich,Red Bull Salzburg,1.0,de GER,GK,33-139,90,0,0,0,0,0,0,0,0,46,0,0,0,0.0,0.0,0.0,1,0,30,43,69.8,0,35,0,0,0,0,0,0,0,0,0,0,0,0,2,1,0,100.0
1,8,John Mellberg,Red Bull Salzburg,36.0,se SWE,LB,18-050,45,0,0,0,0,0,0,0,0,36,2,0,0,0.0,0.0,0.0,1,0,29,33,87.9,1,30,3,2,2,0,2,0,0,1,2,0,0,0,4,0,1,0.0
1,8,Kamil Piątkowski,Red Bull Salzburg,91.0,pl POL,CB,24-089,90,0,0,0,0,1,0,1,0,96,3,1,0,0.0,0.0,0.0,1,0,75,79,94.9,5,63,0,0,0,0,1,1,1,0,2,0,0,0,2,2,1,66.7
1,8,Karim Konaté,Red Bull Salzburg,19.0,ci CIV,"FW,LM",20-181,34,0,0,0,0,1,0,0,0,17,0,0,1,0.0,0.0,0.0,0,0,6,9,66.7,0,14,0,1,0,0,0,1,0,0,0,0,0,0,0,1,0,100.0
1,8,Lucas Gourna-Douath,Red Bull Salzburg,27.0,fr FRA,"LM,CM",21-044,25,0,0,0,0,0,0,1,0,26,2,0,1,0.0,0.0,0.0,0,0,21,22,95.5,2,16,0,0,0,0,1,0,0,0,1,0,0,0,1,0,0,
1,8,Mamady Diambou,Red Bull Salzburg,15.0,ml MLI,"RB,LB",21-312,45,0,0,0,0,0,0,0,0,42,2,0,1,0.0,0.0,0.0,2,0,29,35,82.9,2,25,1,0,0,0,3,2,0,0,1,0,0,0,2,1,0,100.0
1,8,Moussa Kounfolo Yeo,Red Bull Salzburg,49.0,ml MLI,FW,20-109,56,0,0,0,0,1,0,0,0,31,1,0,0,0.0,0.0,0.0,2,0,21,24,87.5,1,22,0,2,0,0,1,0,1,0,1,0,0,0,2,1,1,50.0
1,8,Nene Dorgeles,Red Bull Salzburg,45.0,ml MLI,RW,21-270,56,0,0,0,0,1,0,0,0,34,1,0,1,0.0,0.0,0.0,1,0,22,27,81.5,4,29,0,1,1,0,0,0,0,0,1,0,0,0,1,0,0,
1,8,Nicolás Capaldo,Red Bull Salzburg,7.0,ar ARG,RM,27-004,90,0,0,0,0,0,0,0,0,52,2,1,3,0.0,0.0,0.1,2,0,36,45,80.0,3,42,3,0,0,0,1,1,0,0,2,0,0,0,3,1,2,33.3
1,8,Oscar Gloukh,Red Bull Salzburg,30.0,il ISR,LW,20-170,90,0,0,0,0,2,0,0,0,74,0,0,0,0.1,0.1,0.0,3,0,57,68,83.8,10,67,10,6,4,0,0,1,0,2,0,0,0,0,5,0,0,
1,8,Petar Ratkov,Red Bull Salzburg,21.0,rs SRB,"CM,FW",21-031,8,0,0,0,0,0,0,0,0,2,0,0,0,0.0,0.0,0.0,0,0,1,1,100.0,1,2,0,0,0,0,0,0,0,0,0,0,0,0,0,0,1,0.0
1,8,Stefan Bajcetic,Red Bull Salzburg,8.0,es ESP,CM,19-332,82,0,0,0,0,1,0,0,0,89,2,0,1,0.0,0.0,0.0,3,0,68,78,87.2,7,73,1,4,2,0,1,3,0,1,0,0,0,0,6,0,2,0.0
1,9,Adam Idah,Celtic,9.0,ie IRL,FW,23-220,13,1,0,0,0,1,1,0,0,3,0,0,0,0.3,0.3,0.0,0,0,1,1,100.0,0,1,0,0,0,0,1,0,0,0,0,0,0,0,0,0,0,
1,9,Alistair Johnston,Celtic,2.0,ca CAN,RB,25-346,76,0,0,0,0,0,0,1,0,78,0,1,1,0.0,0.0,0.1,6,2,58,73,79.5,7,43,3,0,0,0,1,3,0,4,0,1,0,0,2,3,0,100.0
1,9,Anthony Ralston,Celtic,56.0,sct SCO,RB,25-307,14,0,0,0,0,0,0,0,0,15,2,0,2,0.0,0.0,0.0,0,0,6,9,66.7,0,8,1,0,0,0,0,1,0,0,1,0,0,0,1,0,0,
1,9,Arne Engels,Celtic,27.0,be BEL,RM,21-010,90,1,1,1,1,3,2,0,0,70,6,0,2,0.9,0.2,0.3,6,2,48,58,82.8,9,34,0,1,0,0,1,3,0,7,4,0,0,0,6,0,1,0.0
1,9,Auston Trusty,Celtic,6.0,us USA,CB,26-037,6,0,0,0,0,0,0,0,0,1,0,0,0,0.0,0.0,0.0,0,0,1,1,100.0,0,0,0,0,0,0,0,0,0,0,0,0,0,0,0,0,0,
1,9,Callum McGregor,Celtic,42.0,sct SCO,CM,31-096,90,0,0,0,0,1,1,0,0,76,1,3,0,0.0,0.0,0.0,1,0,64,69,92.8,7,46,1,0,0,0,3,0,0,2,0,0,0,0,4,0,0,
1,9,Cameron Carter-Vickers,Celtic,20.0,us USA,CB,26-262,84,0,0,0,0,0,0,1,0,114,4,0,0,0.0,0.0,0.0,1,1,102,107,95.3,3,80,1,0,0,0,1,0,0,0,3,0,0,0,6,0,0,
1,9,Daizen Maeda,Celtic,38.0,jp JPN,LW,26-334,90,1,0,0,0,4,2,0,0,39,4,1,2,0.7,0.7,0.0,1,0,18,23,78.3,2,26,2,0,0,0,3,0,1,1,1,0,0,0,2,0,0,
1,9,Greg Taylor,Celtic,3.0,sct SCO,LB,26-318,90,0,0,0,0,0,0,0,0,64,2,2,0,0.0,0.0,0.1,4,0,45,55,81.8,4,25,1,0,0,0,2,0,0,3,0,0,0,0,4,1,2,33.3
1,9,James Forrest,Celtic,49.0,sct SCO,RW,33-073,20,0,1,0,0,1,0,0,0,16,3,0,0,0.0,0.0,0.3,1,1,7,11,63.6,1,11,2,0,0,0,0,1,0,1,1,0,0,0,2,0,1,0.0
1,9,Kasper Schmeichel,Celtic,1.0,dk DEN,GK,37-318,90,0,0,0,0,0,0,0,0,29,0,0,0,0.0,0.0,0.0,0,0,27,29,93.1,0,20,0,0,0,0,0,0,0,0,0,0,0,0,2,0,0,
1,9,Kyogo Furuhashi,Celtic,8.0,jp JPN,FW,29-242,77,1,0,0,0,4,3,0,0,13,0,0,0,1.6,1.6,0.0,1,1,3,6,50.0,0,8,0,1,0,0,0,0,0,0,0,0,0,0,0,0,0,
1,9,Liam Scales,Celtic,5.0,ie IRL,CB,26-041,90,1,0,0,0,1,1,0,0,108,5,0,1,0.2,0.2,0.0,1,1,87,93,93.5,12,65,2,0,0,0,0,0,0,0,3,0,0,0,3,4,2,66.7
1,9,Nicolas-Gerrit Kühn,Celtic,10.0,de GER,RW,24-261,70,0,1,0,0,0,0,0,0,39,4,1,2,0.0,0.0,1.3,4,1,23,32,71.9,5,26,4,4,2,0,2,1,0,0,3,0,0,0,5,0,0,
1,9,Paulo Bernardo,Celtic,28.0,pt POR,LM,22-238,14,0,0,0,0,0,0,0,0,5,0,0,1,0.0,0.0,0.0,1,0,2,3,66.7,1,2,0,1,0,0,2,0,0,0,0,0,0,0,0,0,0,
1,9,Reo Hatate,Celtic,41.0,jp JPN,LM,26-302,76,0,1,0,0,0,0,0,0,56,0,0,0,0.0,0.0,0.7,3,1,40,53,75.5,6,39,3,1,0,0,0,0,0,4,0,0,0,0,6,0,0,
1,9,Artur Gajdoš,Slovan Bratislava,26.0,sk SVK,DM,20-242,6,0,0,0,0,0,0,0,0,9,1,0,0,0.0,0.0,0.0,1,0,7,8,87.5,1,5,0,1,1,0,0,0,0,0,1,0,0,0,0,0,0,
1,9,César Blackman,Slovan Bratislava,28.0,pa PAN,RB,26-169,90,0,0,0,0,0,0,0,0,47,2,2,1,0.0,0.0,0.0,0,0,33,39,84.6,2,24,1,3,0,0,0,2,0,3,1,0,0,0,1,0,1,0.0
1,9,Danylo Ihnatenko,Slovan Bratislava,77.0,ua UKR,DM,27-189,75,0,0,0,0,0,0,0,0,39,2,0,1,0.0,0.0,0.0,0,0,22,31,71.0,1,17,0,1,0,0,1,0,0,0,2,0,1,0,6,0,1,0.0
1,9,Dominik Takáč,Slovan Bratislava,71.0,sk SVK,GK,25-250,90,0,0,0,0,0,0,0,0,31,0,0,0,0.0,0.0,0.0,0,0,16,24,66.7,0,10,0,0,0,0,0,0,0,0,0,0,0,0,0,0,0,
1,9,Dávid Strelec,Slovan Bratislava,13.0,sk SVK,FW,23-167,84,0,0,0,0,2,0,0,0,25,1,0,0,0.2,0.2,0.2,2,0,16,18,88.9,1,16,1,3,1,0,0,1,0,0,1,0,0,0,0,3,1,75.0
1,9,Guram Kashia,Slovan Bratislava,4.0,ge GEO,CB,37-076,90,0,0,0,0,0,0,0,0,46,1,3,3,0.0,0.0,0.0,1,0,25,33,75.8,2,29,0,0,0,0,1,0,0,0,1,0,0,0,3,0,0,
1,9,Idjessi Metsoko,Slovan Bratislava,93.0,fr FRA,FW,22-188,6,0,0,0,0,0,0,0,0,4,0,0,0,0.0,0.0,0.0,0,0,3,4,75.0,0,4,0,0,0,0,0,1,0,0,0,0,0,0,0,0,0,
1,9,Juraj Kucka,Slovan Bratislava,33.0,sk SVK,DM,37-205,84,0,0,0,0,1,1,0,0,43,2,5,1,0.0,0.0,0.0,3,0,23,30,76.7,3,24,0,2,2,0,0,2,0,0,1,0,0,0,4,0,0,
1,9,Kenan Bajrić,Slovan Bratislava,12.0,si SVN,CB,29-273,90,0,0,0,0,0,0,0,0,45,1,0,0,0.0,0.0,0.0,0,0,37,39,94.9,4,30,0,0,0,0,1,1,0,0,1,0,0,0,3,0,1,0.0
1,9,Kevin Wimmer,Slovan Bratislava,6.0,at AUT,LB,31-308,90,1,0,0,0,1,1,1,0,70,0,2,2,0.1,0.1,0.0,1,0,34,48,70.8,3,37,0,3,0,0,1,2,0,0,0,0,0,0,3,0,0,
1,9,Kyriakos Savvidis,Slovan Bratislava,88.0,gr GRE,DM,29-090,15,0,0,0,0,0,0,0,0,12,0,0,0,0.0,0.0,0.0,0,0,11,12,91.7,0,11,1,0,0,0,1,1,0,0,0,0,0,0,0,0,0,
1,9,Marko Tolić,Slovan Bratislava,10.0,hr CRO,AM,28-075,90,0,1,0,0,1,0,1,0,58,0,1,1,0.0,0.0,0.1,5,2,40,51,78.4,3,39,1,5,1,0,2,1,0,5,0,0,0,0,2,1,2,33.3
1,9,Nino Marcelli,Slovan Bratislava,18.0,sk SVK,RW,19-112,14,0,0,0,0,0,0,0,0,4,0,0,0,0.0,0.0,0.0,0,0,2,2,100.0,0,3,0,1,0,0,0,0,0,0,0,0,0,0,0,0,0,
1,9,Róbert Mak,Slovan Bratislava,21.0,sk SVK,LW,33-194,14,0,0,0,0,2,0,0,0,15,0,0,0,0.0,0.0,0.0,0,0,10,11,90.9,0,10,0,2,1,0,1,0,0,1,0,0,0,0,2,0,0,
1,9,Tigran Barseghyan,Slovan Bratislava,11.0,am ARM,RW,30-362,76,0,0,0,0,0,0,0,0,32,0,0,1,0.0,0.0,0.1,1,0,20,27,74.1,5,23,0,2,0,0,0,3,0,2,0,0,0,0,6,2,2,50.0
1,9,Vladimír Weiss,Slovan Bratislava,7.0,sk SVK,LW,34-293,76,0,0,0,0,1,0,1,0,39,1,1,2,0.2,0.2,0.0,0,0,24,27,88.9,1,29,5,4,1,0,2,2,0,1,1,0,0,0,9,0,0,
1,10,Bernardo Silva,Manchester City,20.0,pt POR,"CM,RW",30-039,79,0,0,0,0,1,0,0,0,51,0,0,0,0.2,0.2,0.0,4,0,44,48,91.7,6,42,2,0,0,0,0,0,1,1,0,0,0,0,1,0,0,
1,10,Ederson,Manchester City,31.0,br BRA,GK,31-032,90,0,0,0,0,0,0,0,0,34,0,0,0,0.0,0.0,0.0,0,0,30,32,93.8,0,22,0,0,0,0,0,0,0,0,0,0,0,0,1,0,0,
1,10,Erling Haaland,Manchester City,9.0,no NOR,FW,24-059,90,0,0,0,0,3,1,0,0,14,0,1,0,0.3,0.3,0.0,1,0,7,9,77.8,0,8,0,0,0,0,1,0,0,0,0,0,0,0,3,2,2,50.0
1,10,Jack Grealish,Manchester City,10.0,eng ENG,LW,29-008,90,0,0,0,0,3,0,0,0,49,1,1,0,0.2,0.2,0.2,9,0,35,41,85.4,5,38,10,3,0,0,0,5,1,1,0,0,0,0,6,1,1,50.0
1,10,Jeremy Doku,Manchester City,11.0,be BEL,RW,22-114,11,0,0,0,0,0,0,0,0,17,0,0,1,0.0,0.0,0.3,3,0,8,11,72.7,0,13,3,2,0,0,1,0,0,4,0,0,0,0,1,0,0,
1,10,Joško Gvardiol,Manchester City,24.0,hr CRO,LB,22-239,90,0,0,0,0,1,1,0,0,96,1,2,3,0.1,0.1,0.4,2,0,86,89,96.6,11,81,1,1,1,0,2,0,0,1,1,0,0,0,5,0,0,
1,10,Kevin De Bruyne,Manchester City,17.0,be BEL,CM,33-082,45,0,0,0,0,3,0,0,0,41,0,0,1,0.1,0.1,0.4,4,0,25,35,71.4,2,30,2,0,0,0,2,0,0,1,0,0,0,0,1,0,0,
1,10,Manuel Akanji,Manchester City,25.0,ch SUI,RB,29-061,90,0,0,0,0,1,0,0,0,109,0,0,2,0.1,0.1,0.0,2,0,94,102,92.2,12,83,0,0,0,0,2,1,0,0,0,0,0,0,6,2,0,100.0
1,10,Phil Foden,Manchester City,47.0,eng ENG,CM,24-113,45,0,0,0,0,4,2,0,0,35,0,0,0,0.4,0.4,0.1,4,0,21,25,84.0,3,26,0,1,0,0,0,2,0,4,0,0,0,0,3,0,1,0.0
1,10,Rico Lewis,Manchester City,82.0,eng ENG,DM,19-302,90,0,0,0,0,0,0,0,0,71,0,0,1,0.0,0.0,0.0,3,0,63,68,92.6,8,48,4,0,0,0,0,0,0,0,0,0,0,0,2,0,0,
1,10,Rodri,Manchester City,16.0,es ESP,DM,28-088,90,0,0,0,0,1,0,0,0,96,3,0,1,0.0,0.0,0.0,4,0,82,89,92.1,7,67,2,0,0,0,3,1,0,1,1,0,0,0,9,0,0,
1,10,Rúben Dias,Manchester City,3.0,pt POR,CB,27-127,90,0,0,0,0,0,0,1,0,89,2,1,0,0.0,0.0,0.0,0,0,76,82,92.7,4,61,0,0,0,0,1,0,0,0,1,0,0,0,1,3,3,50.0
1,10,Sávio,Manchester City,26.0,br BRA,RW,20-161,45,0,0,0,0,2,0,0,0,33,0,0,0,0.2,0.2,0.1,1,0,25,29,86.2,2,31,6,2,1,0,0,0,0,1,0,0,0,0,2,0,0,
1,10,İlkay Gündoğan,Manchester City,19.0,de GER,CM,33-330,45,0,0,0,0,3,1,0,0,34,1,0,0,0.7,0.7,0.2,2,0,26,28,92.9,2,20,1,0,0,0,0,0,0,2,0,0,0,0,1,0,0,
1,10,Alessandro Bastoni,Internazionale,95.0,it ITA,CB,25-158,90,0,0,0,0,0,0,0,0,79,2,1,3,0.0,0.0,0.0,1,0,58,70,82.9,1,58,0,0,0,0,2,1,0,0,2,0,0,0,3,0,1,0.0
1,10,Benjamin Pavard,Internazionale,28.0,fr FRA,CB,28-174,16,0,0,0,0,0,0,0,0,7,0,0,0,0.0,0.0,0.0,0,0,5,6,83.3,0,5,0,0,0,0,0,0,0,0,0,0,0,0,0,1,0,100.0
1,10,Carlos Augusto,Internazionale,30.0,br BRA,WB,25-255,90,0,0,0,0,1,1,0,0,36,0,2,2,0.1,0.1,0.0,1,0,20,25,80.0,0,20,1,0,0,0,0,1,1,0,0,0,0,0,3,1,0,100.0
1,10,Davide Frattesi,Internazionale,16.0,it ITA,CM,24-332,9,0,0,0,0,0,0,0,0,1,0,0,0,0.0,0.0,0.0,0,0,1,1,100.0,0,0,0,0,0,0,0,0,0,0,0,0,0,0,0,0,0,
1,10,Denzel Dumfries,Internazionale,2.0,nl NED,WB,28-153,16,0,0,0,0,0,0,0,0,3,0,0,0,0.0,0.0,0.0,0,0,2,3,66.7,0,3,0,0,0,0,0,0,0,1,0,0,0,0,0,0,0,
1,10,Francesco Acerbi,Internazionale,15.0,it ITA,CB,36-221,90,0,0,0,0,1,0,0,0,52,0,1,4,0.0,0.0,0.0,0,0,37,39,94.9,1,25,0,0,0,0,0,0,0,0,0,0,0,0,2,1,1,50.0
1,10,Hakan Çalhanoğlu,Internazionale,20.0,tr TUR,CM,30-223,81,0,0,0,0,2,0,0,0,69,2,1,2,0.1,0.1,0.0,3,0,53,60,88.3,2,42,0,0,0,0,1,1,0,4,2,0,0,0,6,1,0,100.0
1,10,Henrikh Mkhitaryan,Internazionale,22.0,am ARM,CM,35-241,25,0,0,0,0,1,0,0,0,19,1,0,1,0.1,0.1,0.0,0,0,13,14,92.9,0,8,0,1,0,0,1,2,0,0,0,0,0,0,4,0,0,
1,10,Lautaro Martínez,Internazionale,10.0,ar ARG,FW,27-027,25,0,0,0,0,1,1,0,0,10,0,0,0,0.0,0.0,0.0,1,0,6,7,85.7,0,4,1,0,0,0,0,0,0,0,0,0,0,0,0,1,0,100.0
1,10,Marcus Thuram,Internazionale,9.0,fr FRA,FW,27-043,65,0,0,0,0,3,1,0,0,25,1,0,0,0.3,0.3,0.0,3,0,10,12,83.3,3,15,3,5,1,0,1,2,2,0,1,0,0,0,3,2,3,40.0
1,10,Matteo Darmian,Internazionale,36.0,it ITA,WB,34-291,74,0,0,0,0,1,0,0,0,27,1,2,4,0.1,0.1,0.0,1,0,12,19,63.2,0,8,1,0,0,0,1,0,0,1,0,0,0,0,1,0,0,
1,10,Mehdi Taremi,Internazionale,99.0,ir IRN,FW,32-062,90,0,0,0,0,0,0,0,0,23,1,0,0,0.0,0.0,0.2,4,0,11,16,68.8,3,15,3,1,0,0,1,0,0,0,1,0,0,0,3,0,1,0.0
1,10,Nicolò Barella,Internazionale,23.0,it ITA,CM,27-224,90,0,0,0,0,2,0,0,0,62,1,1,2,0.0,0.0,0.1,5,0,48,54,88.9,7,46,1,1,0,0,1,3,0,1,1,0,0,0,7,0,0,
1,10,Piotr Zieliński,Internazionale,7.0,pl POL,CM,30-121,65,0,0,0,0,1,0,0,0,30,1,0,0,0.0,0.0,0.2,1,0,22,26,84.6,2,20,2,0,0,0,0,1,0,1,1,0,0,0,1,0,0,
1,10,Yann Aurel Bisseck,Internazionale,31.0,de GER,CB,23-294,74,0,0,0,0,0,0,0,0,42,1,1,0,0.0,0.0,0.0,1,0,31,39,79.5,2,33,1,1,1,0,1,1,0,1,1,0,0,0,4,0,2,0.0
1,10,Yann Sommer,Internazionale,1.0,ch SUI,GK,35-276,90,0,0,0,0,0,0,0,0,72,0,0,0,0.0,0.0,0.0,0,0,58,69,84.1,0,49,0,0,0,0,0,0,0,0,0,0,0,0,1,0,0,
1,11,Achraf Hakimi,Paris Saint-Germain,2.0,ma MAR,RB,25-319,90,0,0,0,0,6,2,0,0,87,3,2,2,0.6,0.6,0.5,8,0,62,71,87.3,8,54,12,3,1,0,2,3,0,4,1,0,0,0,5,0,0,
1,11,Bradley Barcola,Paris Saint-Germain,29.0,fr FRA,LW,22-016,62,0,0,0,0,0,0,0,0,30,2,0,3,0.0,0.0,0.1,3,0,11,17,64.7,1,19,3,4,0,0,0,0,0,1,1,0,0,0,1,1,0,100.0
1,11,Désiré Doué,Paris Saint-Germain,14.0,fr FRA,"LW,RW",19-107,28,0,0,0,0,1,0,0,0,14,1,0,0,0.0,0.0,0.0,1,0,6,11,54.5,0,8,1,2,1,0,0,0,0,2,1,0,0,0,1,0,0,
1,11,Fabián Ruiz Peña,Paris Saint-Germain,8.0,es ESP,LM,28-168,62,0,0,0,0,2,1,0,0,37,0,0,1,0.1,0.1,0.0,2,0,27,31,87.1,3,19,0,1,0,0,0,0,0,1,0,0,0,0,1,0,0,
1,11,João Neves,Paris Saint-Germain,87.0,pt POR,CM,19-357,28,0,0,0,0,1,0,0,0,40,0,0,0,0.1,0.1,0.1,3,0,32,36,88.9,4,19,2,0,0,0,0,3,0,0,0,0,0,0,4,1,1,50.0
1,11,Lee Kang-in,Paris Saint-Germain,19.0,kr KOR,LM,23-212,28,0,0,0,0,0,0,0,0,25,1,0,1,0.0,0.0,0.2,3,0,17,18,94.4,3,12,1,1,1,0,0,2,0,3,0,0,0,0,3,0,1,0.0
1,11,Lucas Beraldo,Paris Saint-Germain,35.0,br BRA,LB,20-299,1,0,0,0,0,0,0,0,0,10,0,0,0,0.0,0.0,0.0,0,0,9,9,100.0,0,7,0,0,0,0,0,0,0,0,0,0,0,0,1,0,0,
1,11,Marco Asensio,Paris Saint-Germain,11.0,es ESP,FW,28-241,38,0,0,0,0,1,0,0,0,9,0,0,0,0.1,0.1,0.0,0,0,7,8,87.5,1,4,2,0,0,0,0,0,0,0,0,0,0,0,0,0,1,0.0
1,11,Marquinhos,Paris Saint-Germain,5.0,br BRA,CB,30-127,90,0,0,0,0,0,0,1,0,109,3,1,0,0.0,0.0,0.0,2,0,97,99,98.0,5,74,0,2,1,0,2,0,0,0,2,0,0,0,5,1,0,100.0
1,11,Matvei Safonov,Paris Saint-Germain,39.0,ru RUS,GK,25-206,90,0,0,0,0,0,0,0,0,26,0,0,0,0.0,0.0,0.0,1,0,20,25,80.0,0,11,0,0,0,0,0,0,0,0,0,0,0,0,4,0,0,
1,11,Nuno Mendes,Paris Saint-Germain,25.0,pt POR,LB,22-091,90,0,0,0,0,0,0,0,0,107,0,0,0,0.0,0.0,0.0,3,0,89,100,89.0,9,64,3,4,3,0,0,1,0,3,0,0,0,0,2,0,0,
1,11,Ousmane Dembélé,Paris Saint-Germain,10.0,fr FRA,RW,27-126,89,0,0,0,0,8,2,0,0,48,0,1,0,0.6,0.6,0.2,6,0,24,31,77.4,7,36,10,4,1,0,0,3,0,4,0,0,0,0,6,0,1,0.0
1,11,Randal Kolo Muani,Paris Saint-Germain,23.0,fr FRA,FW,25-288,52,0,0,0,0,5,0,0,0,14,2,0,0,0.6,0.6,0.3,4,0,5,8,62.5,2,8,1,3,3,0,1,2,0,0,2,0,0,0,2,2,1,66.7
1,11,Vitinha,Paris Saint-Germain,17.0,pt POR,CM,24-218,62,0,0,0,0,1,0,0,0,50,0,1,0,0.0,0.0,0.0,5,0,45,47,95.7,5,41,1,1,0,0,0,2,0,0,0,0,0,0,5,0,1,0.0
1,11,Warren Zaïre-Emery,Paris Saint-Germain,33.0,fr FRA,RM,18-194,90,0,0,0,0,1,0,0,0,73,2,0,1,0.0,0.0,0.1,8,0,58,62,93.5,9,37,2,4,1,0,1,0,0,1,2,0,0,0,4,1,0,100.0
1,11,Willian Pacho,Paris Saint-Germain,51.0,ec ECU,CB,22-338,90,0,0,0,0,0,0,0,0,117,1,1,1,0.0,0.0,0.0,0,0,105,109,96.3,0,81,0,0,0,0,2,1,0,0,1,0,0,0,6,1,0,100.0
1,11,Alejandro Francés,Girona,16.0,es ESP,CB,22-048,3,0,0,0,0,0,0,0,0,4,1,0,0,0.0,0.0,0.0,0,0,0,2,0.0,0,1,0,0,0,0,0,0,0,0,0,0,0,0,0,0,0,
1,11,Arnau Martinez,Girona,4.0,es ESP,RB,21-146,90,0,0,0,0,0,0,0,0,51,7,1,1,0.0,0.0,0.0,0,0,30,36,83.3,2,22,1,0,0,0,0,0,0,0,3,0,0,0,4,1,2,33.3
1,11,Arnaut Danjuma,Girona,11.0,nl NED,"FW,LM",27-231,33,0,0,0,0,0,0,0,0,10,1,0,0,0.0,0.0,0.0,0,0,4,6,66.7,0,6,0,0,0,0,0,0,0,0,1,0,0,0,2,0,0,
1,11,Bryan Gil,Girona,20.0,es ESP,LW,23-220,65,0,0,0,0,0,0,0,0,45,4,0,1,0.0,0.0,0.1,4,0,32,37,86.5,2,31,7,5,3,0,0,3,1,1,4,0,0,0,5,0,0,
1,11,Cristhian Stuani,Girona,7.0,uy URU,FW,37-342,57,0,0,0,0,2,1,0,0,21,1,1,2,0.2,0.2,0.0,0,0,9,13,69.2,1,9,0,0,0,0,2,2,0,0,1,0,0,0,1,0,1,0.0
1,11,David López,Girona,5.0,es ESP,CB,34-345,90,0,0,0,0,0,0,0,0,38,3,1,2,0.0,0.0,0.0,0,0,28,30,93.3,1,19,0,0,0,0,1,0,0,0,2,0,0,0,2,1,0,100.0
1,11,Donny van de Beek,Girona,6.0,nl NED,AM,27-153,57,0,0,0,0,1,0,0,0,19,1,0,4,0.1,0.1,0.0,0,0,7,12,58.3,1,6,0,0,0,0,1,0,0,0,1,0,0,0,1,1,0,100.0
1,11,Iván Martín,Girona,23.0,es ESP,DM,25-217,65,0,0,0,0,0,0,0,0,39,3,1,1,0.0,0.0,0.0,0,0,27,33,81.8,1,18,0,0,0,0,1,0,0,1,2,0,0,0,6,0,0,
1,11,Jhon Solis,Girona,22.0,co COL,"DM,CM",19-351,25,0,0,0,0,0,0,0,0,7,1,0,1,0.0,0.0,0.0,0,0,3,3,100.0,0,0,0,0,0,0,1,0,0,0,1,0,0,0,1,0,0,
1,11,Ladislav Krejčí,Girona,18.0,cz CZE,CB,25-151,90,0,0,0,0,0,0,1,0,54,2,0,4,0.0,0.0,0.0,0,0,42,45,93.3,3,22,0,0,0,0,1,0,0,0,2,0,0,0,3,1,1,50.0
1,11,Miguel Gutiérrez,Girona,3.0,es ESP,LB,23-053,90,0,0,0,0,0,0,0,0,59,3,0,1,0.0,0.0,0.0,1,0,39,50,78.0,3,33,1,1,0,0,1,1,0,3,2,0,0,0,10,0,0,
1,11,Oriol Romeu,Girona,14.0,es ESP,"DM,CM",32-360,90,0,0,0,0,0,0,1,0,55,6,0,3,0.0,0.0,0.0,0,0,33,40,82.5,1,17,0,0,0,0,4,1,0,0,2,0,0,0,1,1,0,100.0
1,11,Paulo Gazzaniga,Girona,13.0,ar ARG,GK,32-260,90,0,0,0,0,0,0,1,0,50,0,0,0,0.0,0.0,0.0,0,0,26,46,56.5,0,30,0,0,0,0,0,0,0,0,0,0,0,1,0,0,0,
1,11,Portu,Girona,24.0,es ESP,"AM,FW",32-120,33,0,0,0,0,0,0,0,0,8,1,0,0,0.0,0.0,0.0,0,0,7,8,87.5,1,4,0,0,0,0,1,1,0,0,1,0,0,0,0,1,2,33.3
1,11,Viktor Tsyhankov,Girona,8.0,ua UKR,RW,26-308,87,0,0,0,0,0,0,0,0,42,1,2,2,0.0,0.0,0.1,1,0,18,27,66.7,0,19,0,0,0,0,2,0,0,3,1,0,0,0,1,0,0,
1,11,Yaser Asprilla,Girona,10.0,co COL,"LW,RM",20-304,25,0,0,0,0,0,0,0,0,10,1,0,2,0.0,0.0,0.0,0,0,2,2,100.0,0,5,0,0,0,0,3,0,0,0,1,0,0,0,1,0,1,0.0
1,12,Andreas Skov Olsen,Club Brugge,7.0,dk DEN,RM,24-264,90,0,0,0,0,3,2,0,0,44,0,0,0,0.2,0.2,0.2,7,0,28,38,73.7,8,29,11,3,2,0,0,0,0,5,0,0,0,0,4,0,0,
1,12,Brandon Mechele,Club Brugge,44.0,be BEL,CB,31-234,90,0,0,0,0,3,1,0,0,66,0,2,1,0.1,0.1,0.1,1,0,49,54,90.7,2,18,0,0,0,0,2,0,0,0,0,0,1,0,3,1,0,100.0
1,12,Chemsdine Talbi,Club Brugge,68.0,be BEL,LM,19-132,6,0,0,0,0,0,0,0,0,6,0,0,0,0.0,0.0,0.0,1,0,5,5,100.0,0,2,0,1,0,0,0,0,0,0,0,0,0,0,0,0,0,
1,12,Christos Tzolis,Club Brugge,8.0,gr GRE,LM,22-232,84,0,0,0,0,2,0,0,0,38,1,1,1,0.1,0.1,0.1,3,0,25,28,89.3,4,19,4,4,1,0,1,0,0,0,0,0,0,0,4,0,2,0.0
1,12,Ferran Jutglà,Club Brugge,9.0,es ESP,FW,25-230,26,0,0,0,0,1,0,0,0,6,0,0,0,0.0,0.0,0.0,0,0,4,4,100.0,0,2,0,1,0,0,0,0,0,0,0,0,0,0,1,0,0,
1,12,Gustaf Nilsson,Club Brugge,19.0,se SWE,FW,27-118,64,0,0,0,0,1,0,0,0,16,0,0,0,0.0,0.0,0.0,0,0,8,11,72.7,2,6,0,2,0,0,0,0,2,0,0,0,0,0,0,3,0,100.0
1,12,Hans Vanaken,Club Brugge,20.0,be BEL,CM,32-025,90,0,0,0,0,3,0,0,0,54,0,0,0,0.2,0.2,0.0,5,0,38,47,80.9,5,14,0,0,0,0,2,0,0,0,0,0,0,0,6,0,0,
1,12,Hugo Vetlesen,Club Brugge,10.0,no NOR,CM,24-202,84,0,0,0,0,3,1,1,0,31,0,0,1,0.5,0.5,0.0,4,0,15,19,78.9,3,9,1,2,0,0,1,0,0,0,0,0,0,0,1,1,2,33.3
1,12,Joaquin Seys,Club Brugge,65.0,be BEL,RB,19-174,70,0,0,0,0,0,0,0,0,40,5,0,1,0.0,0.0,0.0,0,0,25,28,89.3,1,9,1,1,0,0,0,0,0,1,3,0,0,0,2,1,0,100.0
1,12,Joel Ordóñez,Club Brugge,4.0,ec ECU,CB,20-150,90,0,0,0,0,0,0,0,0,57,1,2,0,0.0,0.0,0.0,0,0,45,48,93.8,4,25,0,2,2,0,1,0,0,0,0,0,0,0,6,0,0,
1,12,Kyriani Sabbe,Club Brugge,64.0,be BEL,RB,19-241,20,0,0,0,0,0,0,0,0,11,0,0,1,0.0,0.0,0.0,0,0,5,7,71.4,0,4,1,0,0,0,0,0,0,0,0,0,0,0,0,0,0,
1,12,Maxim De Cuyper,Club Brugge,55.0,be BEL,LB,23-271,90,0,0,0,0,1,0,0,0,67,1,1,2,0.1,0.1,0.1,5,0,45,59,76.3,4,16,0,0,0,0,1,1,0,8,1,0,0,0,7,1,0,100.0
1,12,Raphael Onyedika,Club Brugge,15.0,ng NGA,DM,23-152,90,0,0,0,0,1,1,0,0,66,4,1,0,0.1,0.1,0.0,4,0,50,58,86.2,4,30,0,0,0,0,3,2,0,0,1,0,0,0,3,0,0,
1,12,Romeo Vermant,Club Brugge,17.0,be BEL,CM,20-238,6,0,0,0,0,0,0,0,0,0,0,0,0,0.0,0.0,0.0,0,0,0,0,,0,0,0,0,0,0,0,0,0,0,0,0,0,0,0,0,0,
1,12,Simon Mignolet,Club Brugge,22.0,be BEL,GK,36-196,90,0,0,0,0,0,0,0,0,40,0,0,0,0.0,0.0,0.0,1,0,33,36,91.7,0,14,0,0,0,0,0,0,0,0,0,0,0,0,1,0,0,
1,12,Donyell Malen,Dortmund,21.0,nl NED,FW,25-253,58,0,0,0,0,1,0,0,0,14,0,0,0,0.1,0.1,0.0,0,0,10,10,100.0,0,9,0,0,0,0,1,1,2,0,0,0,0,0,0,0,0,
1,12,Emre Can,Dortmund,23.0,de GER,"DM,CM",30-250,90,0,1,0,0,0,0,0,0,68,4,1,0,0.0,0.0,0.1,3,1,56,58,96.6,4,44,2,1,1,0,1,1,0,0,3,0,0,0,3,2,1,66.7
1,12,Felix Nmecha,Dortmund,8.0,de GER,"DM,CM",23-344,23,0,1,0,0,1,0,0,0,25,0,0,0,0.0,0.0,0.1,3,2,22,23,95.7,0,17,1,0,0,0,1,1,0,0,0,0,0,0,2,0,0,
1,12,Gregor Kobel,Dortmund,1.0,ch SUI,GK,26-287,90,0,0,0,0,0,0,0,0,50,0,0,0,0.0,0.0,0.0,1,0,43,47,91.5,0,37,0,0,0,0,0,0,0,0,0,0,0,0,4,0,0,
1,12,Jamie Gittens,Dortmund,43.0,eng ENG,"RW,LW",20-041,23,2,0,0,0,3,2,0,0,21,2,0,0,0.2,0.2,0.0,2,1,12,14,85.7,2,15,4,4,2,0,0,0,0,1,1,0,0,0,4,0,0,
1,12,Julian Brandt,Dortmund,10.0,de GER,"AM,RW",28-139,90,0,0,0,0,3,0,0,0,73,1,1,0,0.1,0.1,0.0,3,1,59,67,88.1,7,53,4,1,0,0,0,0,0,2,1,0,0,0,4,0,0,
1,12,Julian Ryerson,Dortmund,26.0,no NOR,"RB,LM",26-306,90,0,0,0,0,0,0,1,0,58,0,1,3,0.0,0.0,0.2,3,0,46,52,88.5,4,39,3,2,1,0,1,1,0,3,0,0,0,0,3,0,1,0.0
1,12,Karim Adeyemi,Dortmund,27.0,de GER,LW,22-244,86,0,0,0,0,2,2,0,0,43,0,0,1,0.1,0.1,0.3,4,0,28,35,80.0,1,30,5,4,1,0,0,3,0,2,0,0,0,0,1,1,1,50.0
1,12,Marcel Sabitzer,Dortmund,20.0,at AUT,RW,30-185,67,0,0,0,0,4,0,0,0,34,0,1,1,0.4,0.4,0.0,1,0,21,24,87.5,2,15,1,1,0,0,0,1,0,0,0,0,0,0,1,0,2,0.0
1,12,Nico Schlotterbeck,Dortmund,4.0,de GER,"CB,LB",24-292,90,0,0,0,0,1,1,0,0,137,2,2,2,0.0,0.0,0.0,3,0,118,129,91.5,5,109,1,1,1,0,0,0,0,0,2,0,0,0,6,0,0,
1,12,Niklas Süle,Dortmund,25.0,de GER,CB,29-015,90,0,0,0,0,0,0,0,0,123,2,0,2,0.0,0.0,0.0,2,0,112,115,97.4,12,96,1,0,0,0,0,0,0,1,0,0,0,0,2,0,2,0.0
1,12,Pascal Groß,Dortmund,13.0,de GER,DM,33-095,67,0,0,0,0,0,0,0,0,93,1,1,1,0.0,0.0,0.3,4,0,80,87,92.0,7,68,1,0,0,0,0,0,0,3,0,0,0,0,4,0,0,
1,12,Ramy Bensebaini,Dortmund,5.0,dz ALG,LB,29-155,58,0,0,0,0,1,0,0,0,52,2,0,0,0.1,0.1,0.1,1,0,39,42,92.9,6,36,1,3,3,0,0,0,0,1,2,0,0,0,2,1,0,100.0
1,12,Serhou Guirassy,Dortmund,9.0,gn GUI,FW,28-190,32,1,0,1,1,0,0,0,0,14,0,0,0,0.8,0.0,0.0,2,1,8,10,80.0,0,5,0,1,0,0,0,3,0,0,0,1,0,0,0,0,0,
1,12,Waldemar Anton,Dortmund,3.0,de GER,CB,28-060,32,0,0,0,0,0,0,0,0,46,1,1,1,0.0,0.0,0.0,0,0,39,42,92.9,1,34,0,1,1,0,0,0,0,0,1,0,0,0,2,0,0,
1,12,Yan Couto,Dortmund,2.0,br BRA,RM,22-107,4,0,0,0,0,0,0,0,0,4,0,0,0,0.0,0.0,0.0,0,0,2,4,50.0,0,2,0,0,0,0,0,0,0,1,0,0,0,0,1,0,0,
1,13,Anis Hadj Moussa,Feyenoord,23.0,dz ALG,WB,22-221,30,0,0,0,0,0,0,0,0,19,0,0,0,0.0,0.0,0.1,1,0,13,16,81.3,2,15,1,1,0,0,0,0,0,3,0,0,0,0,2,1,0,100.0
1,13,Antoni Milambo,Feyenoord,27.0,nl NED,"RW,AM",19-169,74,0,0,0,0,1,0,0,0,34,0,0,1,0.1,0.1,0.2,3,0,18,24,75.0,5,15,1,2,1,0,0,1,0,1,0,0,0,0,2,0,1,0.0
1,13,Ayase Ueda,Feyenoord,9.0,jp JPN,AM,26-009,30,0,0,0,0,0,0,0,0,5,0,0,0,0.0,0.0,0.0,0,0,3,3,100.0,1,5,0,2,1,0,0,2,1,0,0,0,0,0,1,0,1,0.0
1,13,Chris Nadje,Feyenoord,34.0,fr FRA,AM,23-036,16,0,0,0,0,0,0,0,0,8,1,0,0,0.0,0.0,0.0,0,0,4,5,80.0,2,4,1,0,0,0,1,0,0,0,1,0,0,0,0,0,0,
1,13,Dávid Hancko,Feyenoord,33.0,sk SVK,"CB,LB",26-281,90,0,0,0,0,3,0,0,0,82,2,0,1,0.2,0.2,0.0,2,0,64,72,88.9,8,51,5,1,1,0,0,0,0,2,1,0,0,0,2,0,0,
1,13,Gernot Trauner,Feyenoord,18.0,at AUT,CB,32-178,71,0,0,0,0,0,0,1,0,84,2,1,0,0.0,0.0,0.0,0,0,75,82,91.5,6,65,1,0,0,0,1,0,1,0,2,0,0,0,4,0,1,0.0
1,13,Gijs Smal,Feyenoord,5.0,nl NED,WB,27-019,45,0,0,0,0,0,0,0,0,30,1,0,0,0.0,0.0,0.0,0,0,23,28,82.1,0,13,1,0,0,0,0,0,0,1,1,0,0,0,2,0,0,
1,13,Hwang In-beom,Feyenoord,4.0,kr KOR,"CM,RM",27-365,90,0,0,0,0,3,1,0,0,80,3,0,1,0.1,0.1,0.0,2,0,52,69,75.4,6,47,0,0,0,0,1,0,0,6,0,0,0,0,5,2,0,100.0
1,13,Igor Paixão,Feyenoord,14.0,br BRA,"LW,AM",24-083,60,0,0,0,0,2,1,0,0,24,0,0,1,0.2,0.2,0.2,2,0,10,15,66.7,0,7,1,1,0,0,0,0,0,3,0,0,0,0,0,1,1,50.0
1,13,Jeyland Mitchell,Feyenoord,20.0,cr CRC,CB,19-356,19,0,0,0,0,0,0,0,0,13,5,0,0,0.0,0.0,0.0,0,0,7,9,77.8,1,7,0,0,0,0,0,1,0,0,3,0,0,0,1,0,1,0.0
1,13,Jordan Lotomba,Feyenoord,30.0,ch SUI,"RB,WB",25-356,60,0,0,0,0,1,0,0,0,41,0,0,0,0.0,0.0,0.0,1,0,34,36,94.4,1,22,2,1,0,0,0,0,0,1,0,0,0,0,3,0,0,
1,13,Quinten Timber,Feyenoord,8.0,nl NED,"CM,LM",23-094,90,0,0,0,0,1,1,0,0,56,2,0,1,0.1,0.1,0.0,5,0,42,48,87.5,3,34,1,6,4,0,0,1,0,0,1,0,0,0,1,1,0,100.0
1,13,Ramiz Zerrouki,Feyenoord,6.0,dz ALG,CM,26-116,45,0,0,0,0,1,0,0,0,34,0,0,2,0.1,0.1,0.0,0,0,24,28,85.7,2,16,0,0,0,0,0,0,1,0,0,0,0,0,0,0,0,
1,13,Santiago Giménez,Feyenoord,29.0,mx MEX,FW,23-154,90,0,0,0,0,0,0,0,0,21,1,1,0,0.0,0.0,0.0,1,0,8,12,66.7,0,11,1,4,1,0,0,1,0,0,0,0,0,0,4,1,0,100.0
1,13,Thomas Beelen,Feyenoord,3.0,nl NED,CB,23-100,90,0,0,0,0,0,0,0,0,80,1,1,1,0.0,0.0,0.0,2,0,68,75,90.7,2,56,0,0,0,0,1,0,0,0,1,0,0,0,3,1,0,100.0
1,13,Timon Wellenreuther,Feyenoord,22.0,de GER,GK,28-291,90,0,0,0,0,0,0,0,0,41,0,0,0,0.0,0.0,0.0,0,0,36,39,92.3,1,27,0,0,0,0,0,1,0,0,0,0,0,1,3,0,0,
1,13,Aleix García,Bayer Leverkusen,24.0,es ESP,AM,27-083,19,0,0,0,0,2,0,0,0,30,0,0,0,0.1,0.1,0.0,2,0,23,26,88.5,1,22,0,1,0,0,0,0,0,2,0,0,0,0,0,0,0,
1,13,Amine Adli,Bayer Leverkusen,21.0,ma MAR,AM,24-132,19,0,0,0,0,0,0,0,0,13,1,0,0,0.0,0.0,0.0,0,0,4,9,44.4,0,8,1,2,1,0,1,0,0,1,0,0,0,0,1,2,0,100.0
1,13,Edmond Tapsoba,Bayer Leverkusen,12.0,bf BFA,CB,25-230,90,0,0,0,0,0,0,0,0,64,2,2,2,0.0,0.0,0.0,2,0,44,53,83.0,1,34,0,1,1,0,1,0,0,0,1,0,0,0,5,0,2,0.0
1,13,Exequiel Palacios,Bayer Leverkusen,25.0,ar ARG,CM,25-350,10,0,0,0,0,1,0,0,0,24,0,0,1,0.0,0.0,0.0,0,0,21,22,95.5,3,14,0,0,0,0,1,0,0,0,0,0,0,0,3,0,0,
1,13,Florian Wirtz,Bayer Leverkusen,10.0,de GER,AM,21-139,71,2,0,0,0,3,2,0,0,43,3,1,1,0.9,0.9,0.1,3,0,27,31,87.1,2,26,3,1,1,0,0,0,0,0,0,0,0,0,3,1,0,100.0
1,13,Granit Xhaka,Bayer Leverkusen,34.0,ch SUI,CM,31-358,80,0,0,0,0,0,0,0,0,64,3,1,0,0.0,0.0,0.0,0,0,49,53,92.5,2,39,1,0,0,0,0,0,0,0,2,0,0,0,5,0,1,0.0
1,13,Jeanuël Belocian,Bayer Leverkusen,44.0,fr FRA,WB,19-215,11,0,0,0,0,0,0,0,0,10,0,0,0,0.0,0.0,0.0,1,0,9,10,90.0,1,8,2,0,0,0,0,0,0,0,0,0,0,0,0,0,0,
1,13,Jeremie Frimpong,Bayer Leverkusen,30.0,nl NED,WB,23-284,90,0,1,0,0,0,0,0,0,31,1,0,1,0.0,0.0,0.6,3,1,13,22,59.1,1,18,4,2,0,0,1,1,1,2,0,0,0,0,3,0,0,
1,13,Jonathan Tah,Bayer Leverkusen,4.0,de GER,CB,28-221,90,0,0,0,0,0,0,0,0,71,1,1,0,0.0,0.0,0.0,0,0,60,62,96.8,0,48,0,0,0,0,1,0,0,0,1,0,0,0,3,0,0,
1,13,Lukáš Hrádecký,Bayer Leverkusen,1.0,fi FIN,GK,34-300,90,0,0,0,0,0,0,0,0,54,0,0,0,0.0,0.0,0.0,0,0,43,49,87.8,0,36,0,0,0,0,0,0,0,0,0,0,0,0,2,0,0,
1,13,Martin Terrier,Bayer Leverkusen,11.0,fr FRA,AM,27-199,71,0,0,0,0,0,0,0,0,27,2,1,1,0.0,0.0,0.0,1,1,13,20,65.0,1,15,2,1,1,0,0,1,0,0,1,0,0,0,5,0,2,0.0
1,13,Patrik Schick,Bayer Leverkusen,14.0,cz CZE,FW,28-239,29,0,0,0,0,0,0,0,0,10,0,0,0,0.0,0.0,0.1,0,0,8,9,88.9,0,3,1,0,0,0,0,0,0,0,0,0,0,0,0,1,0,100.0
1,13,Piero Hincapié,Bayer Leverkusen,3.0,ec ECU,CB,22-254,90,0,0,0,0,0,0,0,0,87,4,1,1,0.0,0.0,0.0,0,0,69,78,88.5,6,63,0,0,0,0,0,1,0,0,3,0,0,0,3,1,0,100.0
1,13,Robert Andrich,Bayer Leverkusen,8.0,de GER,CM,29-363,90,0,1,0,0,0,0,0,0,50,4,4,1,0.0,0.0,0.2,1,1,36,38,94.7,0,16,0,0,0,0,3,0,0,0,2,0,0,0,6,0,0,
1,13,Victor Boniface,Bayer Leverkusen,22.0,ng NGA,FW,23-271,61,0,0,0,0,3,1,0,0,19,0,0,0,0.1,0.1,0.1,4,2,12,13,92.3,4,13,1,5,3,0,0,0,0,0,0,0,0,0,0,0,1,0.0
1,13,Álex Grimaldo,Bayer Leverkusen,20.0,es ESP,WB,28-365,79,1,0,0,0,2,1,0,0,54,3,1,0,0.6,0.6,0.0,1,0,40,43,93.0,4,37,2,4,3,0,0,1,0,1,3,0,0,0,2,0,1,0.0
1,14,Bruno Duarte,Red Star Belgrade,17.0,br BRA,FW,28-179,70,0,0,0,0,4,1,0,0,26,0,0,0,0.2,0.2,0.0,0,0,15,19,78.9,2,15,3,1,0,0,0,0,1,0,0,0,0,0,0,2,4,33.3
1,14,Cherif Ndiaye,Red Star Belgrade,9.0,sn SEN,FW,28-240,20,0,1,0,0,0,0,0,0,4,0,0,1,0.0,0.0,0.6,1,1,2,3,66.7,1,3,0,0,0,0,0,0,0,0,0,0,0,0,0,0,1,0.0
1,14,Dálcio,Red Star Belgrade,22.0,gw GNB,DM,28-120,64,0,0,0,0,2,0,0,0,52,1,0,1,0.0,0.0,0.1,3,0,37,44,84.1,3,31,0,3,2,0,3,1,0,3,0,0,0,0,2,0,2,0.0
1,14,Luka Ilić,Red Star Belgrade,32.0,rs SRB,DM,25-079,9,0,0,0,0,1,0,0,0,10,0,0,0,0.0,0.0,0.0,0,0,9,9,100.0,2,6,0,0,0,0,0,0,0,0,0,0,0,0,1,0,0,
1,14,Milson,Red Star Belgrade,27.0,ao ANG,LW,24-343,20,1,0,0,0,1,1,0,0,8,0,0,0,0.6,0.6,0.0,0,0,3,5,60.0,0,5,1,1,0,0,0,0,0,2,0,0,0,0,1,0,0,
1,14,Mirko Ivanić,Red Star Belgrade,4.0,me MNE,AM,31-006,90,0,0,0,0,2,0,0,0,50,0,0,0,0.0,0.0,0.0,3,0,29,42,69.0,10,36,2,3,2,0,0,2,0,5,0,0,0,0,3,1,1,50.0
1,14,Nasser Djiga,Red Star Belgrade,24.0,bf BFA,CB,21-309,90,0,0,0,0,0,0,0,0,72,0,0,0,0.0,0.0,0.0,0,0,50,60,83.3,4,47,2,0,0,0,0,1,0,0,0,0,0,0,6,2,1,66.7
1,14,Ognjen Mimovic,Red Star Belgrade,70.0,rs SRB,RB,20-033,26,0,0,0,0,0,0,0,0,19,1,0,0,0.0,0.0,0.1,1,0,14,16,87.5,1,15,1,0,0,0,0,0,0,2,0,0,0,0,4,0,0,
1,14,Omri Glazer,Red Star Belgrade,18.0,il ISR,GK,28-192,90,0,0,0,0,0,0,0,0,27,0,0,0,0.0,0.0,0.0,1,0,24,26,92.3,0,16,0,0,0,0,0,1,0,0,0,0,0,0,1,0,0,
1,14,Peter Olayinka,Red Star Belgrade,14.0,ng NGA,LW,28-306,70,0,0,0,0,1,0,0,0,31,3,1,1,0.0,0.0,0.0,1,0,10,18,55.6,2,23,3,4,2,0,2,2,1,2,1,0,0,0,3,1,2,33.3
1,14,Rade Krunić,Red Star Belgrade,6.0,ba BIH,DM,30-348,81,0,0,0,0,1,1,0,0,45,1,1,1,0.1,0.1,0.0,4,0,32,41,78.0,7,32,3,4,4,0,3,1,0,0,1,0,0,0,4,1,1,50.0
1,14,Seol Youngwoo,Red Star Belgrade,66.0,kr KOR,"RB,LB",25-289,90,0,0,0,0,1,0,1,0,76,2,3,0,0.0,0.0,0.1,5,0,51,68,75.0,4,46,2,4,2,0,1,2,0,7,2,0,0,0,6,0,0,
1,14,Silas Katompa,Red Star Belgrade,15.0,cd COD,RW,25-349,90,0,0,0,0,1,0,1,0,31,3,1,2,0.0,0.0,0.0,2,0,15,20,75.0,0,17,1,5,3,0,2,0,1,2,2,0,0,0,5,1,3,25.0
1,14,Timi Elšnik,Red Star Belgrade,21.0,si SVN,"LB,DM",26-143,90,0,0,0,0,1,0,0,0,91,1,0,5,0.0,0.0,0.1,6,1,65,82,79.3,17,50,5,1,1,0,0,0,0,11,1,0,0,0,8,1,1,50.0
1,14,Uroš Spajić,Red Star Belgrade,5.0,rs SRB,CB,31-219,90,0,0,0,0,0,0,0,0,64,0,3,1,0.0,0.0,0.0,1,0,53,57,93.0,0,36,0,0,0,0,1,1,0,0,0,0,0,0,5,1,1,50.0
1,14,Alexander Bah,Benfica,6.0,dk DEN,RB,26-285,36,0,0,0,0,0,0,0,0,21,1,2,1,0.0,0.0,0.0,0,0,8,11,72.7,2,11,0,0,0,0,0,0,0,0,0,0,0,0,0,1,0,100.0
1,14,Anatolii Trubin,Benfica,1.0,ua UKR,GK,23-049,90,0,0,0,0,0,0,0,0,38,0,0,0,0.0,0.0,0.0,0,0,26,37,70.3,0,22,0,0,0,0,0,0,0,0,0,0,0,0,1,1,0,100.0
1,14,António Silva,Benfica,4.0,pt POR,CB,20-325,90,0,0,0,0,0,0,0,0,39,0,1,1,0.0,0.0,0.0,0,0,19,29,65.5,1,22,0,0,0,0,0,0,0,0,0,0,0,0,2,1,0,100.0
1,14,Benjamín Rollheiser,Benfica,32.0,ar ARG,AM,24-179,55,0,0,0,0,1,0,0,0,25,1,0,2,0.1,0.1,0.0,2,1,17,18,94.4,3,16,2,0,0,0,0,1,0,0,1,0,0,0,2,0,1,0.0
1,14,Florentino Luís,Benfica,61.0,pt POR,"DM,CM",25-031,90,0,0,0,0,0,0,0,0,52,4,1,1,0.0,0.0,0.0,1,0,38,40,95.0,1,28,0,3,3,0,2,0,0,0,2,0,0,0,8,1,0,100.0
1,14,Fredrik Aursnes,Benfica,8.0,no NOR,"DM,CM",28-284,35,0,0,0,0,0,0,1,0,23,0,0,0,0.0,0.0,0.0,4,0,18,20,90.0,5,15,0,0,0,0,1,0,0,0,0,0,0,0,4,1,0,100.0
1,14,Issa Kaboré,Benfica,28.0,bf BFA,RB,23-130,54,0,0,0,0,0,0,1,0,35,2,0,2,0.0,0.0,0.0,0,0,15,25,60.0,2,16,2,3,2,0,2,0,0,2,2,0,0,0,1,3,0,100.0
1,14,Jan-Niklas Beste,Benfica,37.0,de GER,LW,25-259,3,0,0,0,0,0,0,0,0,6,0,0,0,0.0,0.0,0.0,0,0,3,4,75.0,0,4,0,1,0,0,0,1,0,0,0,0,0,0,0,0,0,
1,14,Kerem Aktürkoğlu,Benfica,17.0,tr TUR,"LW,RW",25-334,90,1,0,0,0,3,1,0,0,35,2,1,0,0.9,0.9,0.0,2,1,18,23,78.3,1,24,2,2,0,0,0,0,0,0,2,0,0,0,4,2,1,66.7
1,14,Leandro Barreiro Martins,Benfica,18.0,lu LUX,"CM,AM",24-260,3,0,0,0,0,0,0,0,0,3,1,0,1,0.0,0.0,0.0,0,0,2,2,100.0,0,0,0,0,0,0,0,1,0,0,1,0,0,0,0,0,0,
1,14,Nicolás Otamendi,Benfica,30.0,ar ARG,CB,36-220,90,0,0,0,0,0,0,0,0,61,2,3,3,0.0,0.0,0.0,0,0,40,43,93.0,2,33,0,0,0,0,0,0,0,0,2,0,0,0,3,5,2,71.4
1,14,Orkun Kökçü,Benfica,10.0,tr TUR,"DM,AM",23-265,87,1,0,0,0,2,1,0,0,60,3,0,3,0.1,0.1,0.0,2,1,36,48,75.0,2,43,3,3,1,0,0,5,0,0,1,0,0,0,4,0,0,
1,14,Vangelis Pavlidis,Benfica,14.0,gr GRE,FW,25-303,87,0,0,0,0,2,1,0,0,31,0,0,1,0.1,0.1,0.0,1,0,16,21,76.2,0,18,1,1,1,0,4,1,0,0,0,0,0,0,3,2,4,33.3
1,14,Zeki Amdouni,Benfica,7.0,ch SUI,FW,23-290,3,0,0,0,0,1,0,0,0,3,0,0,0,0.0,0.0,0.0,0,0,2,2,100.0,0,3,1,0,0,0,0,0,0,0,0,0,0,0,1,0,1,0.0
1,14,Álvaro Carreras,Benfica,3.0,es ESP,LB,21-180,90,0,0,0,0,0,0,1,0,56,2,2,1,0.0,0.0,0.1,4,0,36,49,73.5,4,33,4,0,0,0,2,0,0,5,2,0,0,0,5,0,1,0.0
1,14,Ángel Di María,Benfica,11.0,ar ARG,"RW,LW",36-218,87,0,0,0,0,1,0,0,0,46,0,1,0,0.0,0.0,0.1,3,1,24,39,61.5,9,39,6,4,1,0,0,3,1,2,0,0,0,0,6,0,0,
1,15,Ademola Lookman,Atalanta,11.0,ng NGA,AM,26-335,88,0,0,0,0,0,0,0,0,40,4,0,0,0.0,0.0,0.1,2,0,28,30,93.3,3,31,0,5,2,0,0,0,0,4,4,0,0,0,3,0,1,0.0
1,15,Berat Djimsiti,Atalanta,19.0,al ALB,CB,31-213,90,0,0,0,0,0,0,0,0,68,0,0,0,0.0,0.0,0.0,1,0,54,65,83.1,9,51,1,0,0,0,0,0,0,2,0,0,0,0,0,2,2,50.0
1,15,Charles De Ketelaere,Atalanta,17.0,be BEL,AM,23-193,59,0,0,0,0,1,0,0,0,30,1,0,0,0.0,0.0,0.0,0,0,17,22,77.3,1,24,2,0,0,0,1,0,0,1,1,0,0,0,3,1,1,50.0
1,15,Davide Zappacosta,Atalanta,77.0,it ITA,WB,32-100,69,0,0,0,0,0,0,0,0,37,0,0,2,0.0,0.0,0.0,0,0,30,35,85.7,2,26,2,0,0,0,1,0,0,4,0,0,0,0,1,1,0,100.0
1,15,Isak Hien,Atalanta,4.0,se SWE,CB,25-250,90,0,0,0,0,2,0,0,0,80,0,1,1,0.2,0.2,0.0,0,0,64,73,87.7,3,62,0,0,0,0,0,0,0,0,0,0,0,0,8,4,2,66.7
1,15,Juan Cuadrado,Atalanta,7.0,co COL,AM,36-116,31,0,0,0,0,2,0,0,0,24,1,0,1,0.1,0.1,0.0,0,0,14,17,82.4,0,15,0,0,0,0,1,2,0,1,0,0,0,0,1,0,2,0.0
1,15,Lazar Samardzic,Atalanta,24.0,rs SRB,AM,22-208,2,0,0,0,0,0,0,0,0,3,0,1,0,0.0,0.0,0.0,0,0,0,1,0.0,0,2,0,0,0,0,0,0,0,0,0,0,0,0,0,0,0,
1,15,Marco Carnesecchi,Atalanta,29.0,it ITA,GK,24-080,90,0,0,0,0,0,0,0,0,42,0,0,0,0.0,0.0,0.0,0,0,19,40,47.5,0,26,0,0,0,0,0,0,0,0,0,0,0,0,3,0,0,
1,15,Mario Pašalić,Atalanta,8.0,hr CRO,"CM,WB",29-223,2,0,0,0,0,0,0,0,0,1,0,0,0,0.0,0.0,0.0,0,0,0,1,0.0,0,0,0,0,0,0,0,0,0,0,0,0,0,0,0,1,0,100.0
1,15,Marten de Roon,Atalanta,15.0,nl NED,"CM,CB",33-174,90,0,0,0,0,0,0,0,0,67,1,2,0,0.0,0.0,0.0,1,0,55,62,88.7,8,52,1,0,0,0,0,0,0,0,1,0,0,0,3,0,0,
1,15,Mateo Retegui,Atalanta,32.0,it ITA,FW,25-143,69,0,0,0,1,1,1,0,0,18,1,0,1,0.9,0.0,0.0,3,0,8,12,66.7,0,10,1,0,0,0,1,1,0,0,1,0,0,0,1,1,1,50.0
1,15,Matteo Ruggeri,Atalanta,22.0,it ITA,WB,22-070,88,0,0,0,0,0,0,0,0,50,0,0,0,0.0,0.0,0.1,2,0,38,48,79.2,5,36,4,0,0,0,0,1,0,3,0,0,0,0,1,1,0,100.0
1,15,Nicolò Zaniolo,Atalanta,10.0,it ITA,FW,25-079,21,0,0,0,0,0,0,0,0,10,1,0,1,0.0,0.0,0.0,0,0,4,6,66.7,0,4,1,0,0,0,0,0,0,2,0,0,0,0,1,0,1,0.0
1,15,Raoul Bellanova,Atalanta,16.0,it ITA,WB,24-125,21,0,0,0,0,0,0,0,0,13,0,0,0,0.0,0.0,0.0,0,0,12,13,92.3,0,9,0,0,0,0,0,0,0,0,0,0,0,0,1,0,0,
1,15,Sead Kolašinac,Atalanta,23.0,ba BIH,"CB,WB",31-091,90,0,0,0,0,0,0,0,0,68,4,0,0,0.0,0.0,0.0,0,0,55,60,91.7,4,50,0,0,0,0,1,2,0,0,3,0,0,0,4,2,2,50.0
1,15,Éderson,Atalanta,13.0,br BRA,CM,25-074,90,0,0,0,0,1,0,1,0,58,1,0,0,0.0,0.0,0.0,3,0,44,52,84.6,5,48,1,5,2,0,2,4,0,1,0,1,0,0,3,1,0,100.0
1,15,Ben White,Arsenal,4.0,eng ENG,RB,26-347,90,0,0,0,0,0,0,0,0,50,1,1,0,0.0,0.0,0.0,1,0,30,44,68.2,2,22,0,1,0,0,1,0,0,1,0,0,0,0,3,1,0,100.0
1,15,Bukayo Saka,Arsenal,7.0,eng ENG,RW,23-014,72,0,0,0,0,2,1,0,0,27,0,0,1,0.1,0.1,0.0,4,0,18,21,85.7,3,14,0,1,0,0,1,1,0,1,0,0,0,0,7,0,1,0.0
1,15,David Raya,Arsenal,22.0,es ESP,GK,29-004,90,0,0,0,0,0,0,0,0,47,0,0,0,0.0,0.0,0.0,0,0,27,44,61.4,0,24,0,0,0,0,0,0,0,0,0,0,0,0,1,0,0,
1,15,Declan Rice,Arsenal,41.0,eng ENG,LM,25-249,90,0,0,0,0,0,0,0,0,55,2,1,2,0.0,0.0,0.0,1,0,43,48,89.6,4,25,0,0,0,0,0,0,0,2,2,0,0,0,4,2,1,66.7
1,15,Gabriel Jesus,Arsenal,9.0,br BRA,FW,27-169,57,0,0,0,0,0,0,0,0,31,1,1,2,0.0,0.0,0.2,1,0,14,16,87.5,1,16,0,1,0,0,1,0,3,0,1,0,0,0,2,1,2,33.3
1,15,Gabriel Magalhães,Arsenal,6.0,br BRA,CB,26-275,90,0,0,0,0,0,0,0,0,74,0,1,0,0.0,0.0,0.0,0,0,62,67,92.5,1,43,0,0,0,0,0,0,0,0,0,0,0,0,2,5,1,83.3
1,15,Gabriel Martinelli,Arsenal,11.0,br BRA,LW,23-093,90,0,0,0,0,2,0,0,0,24,0,0,0,0.6,0.6,0.0,0,0,14,20,70.0,0,17,0,1,0,0,0,0,0,0,0,0,0,0,1,0,1,0.0
1,15,Jorginho,Arsenal,20.0,it ITA,CM,32-274,33,0,0,0,0,0,0,0,0,25,1,2,0,0.0,0.0,0.0,0,0,18,22,81.8,0,11,0,0,0,0,0,0,0,0,0,0,0,0,4,0,1,0.0
1,15,Jurriën Timber,Arsenal,12.0,nl NED,LB,23-094,72,0,0,0,0,0,0,0,0,45,0,0,1,0.0,0.0,0.0,0,0,35,38,92.1,1,22,0,2,2,0,1,2,0,0,0,0,0,0,1,0,0,
1,15,Kai Havertz,Arsenal,29.0,de GER,RM,25-100,90,0,0,0,0,1,0,0,0,34,0,0,1,0.1,0.1,0.0,1,0,20,25,80.0,2,18,0,1,0,0,3,2,0,0,0,0,0,0,2,2,4,33.3
1,15,Leandro Trossard,Arsenal,19.0,be BEL,FW,29-290,33,0,0,0,0,0,0,0,0,22,0,0,0,0.0,0.0,0.0,0,0,13,18,72.2,1,14,0,1,0,0,0,0,0,0,0,0,0,0,2,0,1,0.0
1,15,Raheem Sterling,Arsenal,30.0,eng ENG,RW,29-286,18,0,0,0,0,0,0,0,0,12,2,0,0,0.0,0.0,0.5,1,0,5,7,71.4,1,4,0,1,0,0,1,1,0,0,1,0,0,0,0,0,1,0.0
1,15,Riccardo Calafiori,Arsenal,33.0,it ITA,LB,22-123,18,0,0,0,0,0,0,0,0,13,0,0,0,0.0,0.0,0.0,0,0,13,13,100.0,1,5,1,1,1,0,0,0,0,0,0,0,0,0,2,0,0,
1,15,Thomas Partey,Arsenal,5.0,gh GHA,CM,31-098,57,0,0,0,0,1,1,0,0,39,1,0,0,0.1,0.1,0.0,1,0,27,34,79.4,1,20,0,0,0,0,1,0,0,0,1,0,1,0,4,1,1,50.0
1,15,William Saliba,Arsenal,2.0,fr FRA,CB,23-179,90,0,0,0,0,0,0,0,0,54,2,0,1,0.0,0.0,0.0,0,0,44,48,91.7,0,23,1,0,0,0,1,1,0,0,2,0,0,0,5,0,0,
1,16,Abdallah Sima,Brest,17.0,sn SEN,LW,23-094,84,1,0,0,0,2,1,1,0,39,1,0,0,0.3,0.3,0.0,2,1,16,30,53.3,2,28,2,2,0,0,3,2,0,2,0,0,0,0,4,7,2,77.8
1,16,Brendan Chardonnet,Brest,5.0,fr FRA,CB,29-272,90,0,0,0,0,1,0,0,0,52,2,1,1,0.0,0.0,0.0,0,0,31,43,72.1,1,30,0,0,0,0,0,2,0,0,1,0,0,0,2,6,3,66.7
1,16,Edimilson Fernandes,Brest,6.0,ch SUI,CM,28-157,71,0,0,0,0,1,0,0,0,27,0,0,1,0.0,0.0,0.0,0,0,20,22,90.9,2,17,0,0,0,0,1,0,0,0,0,0,0,1,0,0,0,
1,16,Hugo Magnetti,Brest,8.0,fr FRA,"LM,CM",26-112,90,1,0,0,0,3,1,0,0,41,2,2,0,0.1,0.1,0.0,2,0,26,32,81.3,4,24,0,1,0,0,1,4,0,1,2,0,0,0,3,0,2,0.0
1,16,Jonas Martin,Brest,28.0,fr FRA,LM,34-163,20,0,0,0,0,2,2,0,0,16,0,0,0,0.8,0.8,0.0,4,0,12,13,92.3,4,14,0,1,0,0,0,1,0,0,0,0,0,0,1,0,3,0.0
1,16,Jordan Amavi,Brest,23.0,fr FRA,LB,30-194,83,0,0,0,0,0,0,0,0,64,1,0,0,0.0,0.0,0.0,1,1,36,58,62.1,2,33,1,0,0,0,1,4,0,2,1,0,0,0,1,1,0,100.0
1,16,Kamory Doumbia,Brest,9.0,ml MLI,RM,21-214,19,0,0,0,0,2,1,0,0,10,0,0,0,0.9,0.9,0.0,0,0,6,8,75.0,0,6,0,0,0,0,0,0,0,1,0,0,0,0,0,0,3,0.0
1,16,Kenny Lala,Brest,7.0,mg MAD,RB,32-352,90,0,0,0,0,1,0,0,0,59,0,0,0,0.0,0.0,0.0,3,1,37,55,67.3,1,36,1,1,1,0,0,1,0,5,0,0,0,0,7,2,0,100.0
1,16,Ludovic Ajorque,Brest,19.0,fr FRA,FW,30-207,90,0,1,0,0,1,0,1,0,27,1,0,0,0.1,0.1,1.0,7,1,18,24,75.0,1,13,0,1,1,0,2,3,0,3,0,0,0,0,1,8,8,50.0
1,16,Mahdi Camara,Brest,45.0,fr FRA,RM,26-081,70,0,0,0,0,0,0,1,0,32,1,0,1,0.0,0.0,0.1,2,0,23,27,85.2,4,21,1,1,1,0,5,2,0,1,0,0,0,0,2,1,1,50.0
1,16,Marco Bizot,Brest,40.0,nl NED,GK,33-193,90,0,0,0,0,0,0,0,0,33,0,0,0,0.0,0.0,0.0,0,0,25,32,78.1,0,17,0,0,0,0,0,0,0,0,0,0,0,0,0,0,0,
1,16,Massadio Haïdara,Brest,22.0,ml MLI,LB,31-292,7,0,0,0,0,0,0,0,0,11,0,1,0,0.0,0.0,0.0,0,0,9,9,100.0,1,6,0,0,0,0,0,0,0,0,0,0,0,0,0,0,0,
1,16,Mathias Pereira Lage,Brest,26.0,pt POR,LW,27-294,6,0,0,0,0,1,0,0,0,8,0,0,0,0.0,0.0,0.5,1,0,3,6,50.0,0,5,0,0,0,0,0,0,0,1,0,0,0,0,0,1,0,100.0
1,16,Romain Del Castillo,Brest,10.0,fr FRA,RW,28-174,29,0,0,0,0,0,0,0,0,21,2,0,0,0.0,0.0,0.1,2,0,10,14,71.4,3,13,1,0,0,0,0,1,0,2,0,0,0,0,2,0,0,
1,16,Romain Faivre,Brest,21.0,fr FRA,RW,26-067,61,0,0,0,0,0,0,0,0,28,0,1,0,0.0,0.0,0.0,1,0,15,21,71.4,2,20,3,6,2,0,0,2,0,5,0,0,0,0,5,0,0,
1,16,Soumaïla Coulibaly,Brest,44.0,fr FRA,CB,20-341,90,0,0,0,0,0,0,0,0,43,1,1,1,0.0,0.0,0.0,1,0,31,35,88.6,1,23,1,0,0,0,1,0,0,0,0,0,0,0,3,0,1,0.0
1,16,Amady Camara,Sturm Graz,36.0,ml MLI,FW,19-114,13,0,0,0,0,0,0,0,0,2,0,0,1,0.0,0.0,0.0,0,0,0,1,0.0,0,0,0,0,0,0,1,0,0,0,0,0,0,0,1,0,0,
1,16,Dimitri Lavalée,Sturm Graz,24.0,be BEL,"CB,LB",27-250,87,0,0,0,0,0,0,2,1,51,1,0,1,0.0,0.0,0.0,0,0,34,39,87.2,4,27,0,0,0,1,3,0,0,0,1,0,0,0,3,3,4,42.9
1,16,Emanuel Aiwum,Sturm Graz,47.0,at AUT,CB,23-269,90,0,0,0,0,0,0,0,0,44,1,0,2,0.0,0.0,0.0,1,0,25,32,78.1,2,25,0,0,0,0,1,3,0,0,1,0,0,0,4,3,3,50.0
1,16,Erencan Yardimci,Sturm Graz,9.0,tr TUR,FW,22-228,13,0,0,0,0,0,0,0,0,10,0,0,0,0.0,0.0,0.0,0,0,3,7,42.9,0,1,0,0,0,0,2,0,1,0,0,0,0,0,0,5,1,83.3
1,16,Gregory Wüthrich,Sturm Graz,5.0,ch SUI,CB,29-290,9,0,0,0,0,0,0,0,0,3,0,0,0,0.0,0.0,0.0,0,0,2,2,100.0,0,1,0,0,0,0,0,0,0,0,0,0,0,0,0,1,0,100.0
1,16,Jon Gorenc Stanković,Sturm Graz,4.0,si SVN,"DM,CB",28-249,90,0,0,0,0,0,0,1,0,64,2,2,1,0.0,0.0,0.0,1,0,29,47,61.7,0,29,0,1,0,0,2,1,0,0,2,0,0,0,7,6,5,54.5
1,16,Jusuf Gazibegović,Sturm Graz,22.0,ba BIH,"LB,RB",24-192,90,0,0,0,0,0,0,1,0,43,1,1,0,0.0,0.0,0.2,4,0,26,36,72.2,5,25,0,0,0,0,3,1,0,6,0,0,0,0,4,1,2,33.3
1,16,Kjell Scherpen,Sturm Graz,1.0,nl NED,GK,24-240,90,0,0,0,0,0,0,0,0,25,0,0,0,0.0,0.0,0.0,0,0,17,21,81.0,0,9,0,0,0,0,0,1,0,0,0,0,0,0,1,0,0,
1,16,Lovro Zvonarek,Sturm Graz,14.0,hr CRO,AM,19-134,31,0,0,0,0,0,0,0,0,12,0,1,0,0.0,0.0,0.1,2,0,7,9,77.8,2,11,1,2,1,0,0,1,0,1,0,0,0,0,0,0,0,
1,16,Malick Yalcouye,Sturm Graz,8.0,ci CIV,RM,18-306,45,0,0,0,0,1,0,0,0,28,1,0,1,0.1,0.1,0.0,0,0,15,20,75.0,1,19,3,4,1,0,1,2,0,0,1,0,0,0,3,1,0,100.0
1,16,Max Johnston,Sturm Graz,2.0,sct SCO,RB,20-268,81,0,0,0,0,0,0,1,0,36,0,0,1,0.0,0.0,0.0,0,0,17,29,58.6,3,16,1,0,0,0,1,0,0,3,0,0,0,0,1,1,4,20.0
1,16,Mika Biereth,Sturm Graz,18.0,dk DEN,FW,21-224,77,0,0,0,0,1,0,0,0,12,0,0,0,0.0,0.0,0.0,0,0,4,8,50.0,0,7,1,1,1,0,3,1,2,0,0,0,0,0,3,0,2,0.0
1,16,Otar Kiteishvili,Sturm Graz,10.0,ge GEO,LM,28-177,77,0,0,0,0,1,1,0,0,46,0,0,1,0.0,0.0,0.0,3,0,33,41,80.5,7,33,2,2,2,0,3,2,0,1,0,0,0,0,7,1,0,100.0
1,16,Seedy Jatta,Sturm Graz,20.0,no NOR,FW,21-185,59,0,0,0,0,0,0,0,0,14,0,0,0,0.0,0.0,0.0,0,0,5,10,50.0,1,7,2,0,0,0,2,1,2,1,0,0,0,0,1,1,2,33.3
1,16,Tomi Horvat,Sturm Graz,19.0,si SVN,RM,25-179,45,0,0,0,0,2,0,1,0,19,2,1,0,0.1,0.1,0.0,1,0,8,10,80.0,1,12,0,1,0,0,1,1,0,1,0,0,0,0,2,0,2,0.0
1,16,William Vick,Sturm Graz,15.0,dk DEN,"AM,FW,LM",21-202,90,0,0,0,0,3,1,0,0,27,0,0,2,0.3,0.3,0.1,3,0,10,13,76.9,1,16,0,1,0,0,0,0,1,2,0,0,0,0,3,0,1,0.0
1,17,Aleksandr Golovin,Monaco,10.0,ru RUS,"DM,CM",28-112,45,0,0,0,0,0,0,0,0,39,0,0,0,0.0,0.0,0.1,5,0,28,36,77.8,5,25,0,2,1,0,0,1,0,4,0,0,0,0,2,0,0,
1,17,Breel Embolo,Monaco,36.0,ch SUI,FW,27-218,58,0,0,0,0,2,2,0,0,11,0,0,0,0.2,0.2,0.0,0,0,7,8,87.5,1,4,0,1,1,0,1,2,2,0,0,0,0,0,1,0,2,0.0
1,17,Caio Henrique Oliveira Silva,Monaco,12.0,br BRA,"LM,LW",27-050,21,0,0,0,0,0,0,0,0,18,0,0,0,0.0,0.0,0.0,1,0,11,17,64.7,1,6,1,0,0,0,0,1,0,2,0,0,0,0,0,0,0,
1,17,Christian Mawissa,Monaco,13.0,fr FRA,LB,19-154,3,0,0,0,0,0,0,1,0,6,0,0,0,0.0,0.0,0.0,0,0,5,5,100.0,1,3,0,1,0,0,1,0,0,0,0,0,0,0,0,0,0,
1,17,Denis Zakaria,Monaco,6.0,ch SUI,"DM,CM",27-304,90,0,0,0,0,0,0,0,0,52,1,0,1,0.0,0.0,0.1,1,0,44,45,97.8,5,15,0,0,0,0,1,1,0,0,1,0,0,0,7,0,1,0.0
1,17,Eliesse Ben Seghir,Monaco,7.0,ma MAR,LW,19-216,69,0,0,0,0,2,1,1,0,44,2,0,0,0.1,0.1,0.0,3,0,26,35,74.3,6,25,4,5,2,0,2,2,0,1,2,0,0,0,5,0,0,
1,17,Folarin Balogun,Monaco,9.0,us USA,"FW,AM",23-078,21,0,0,0,0,2,1,1,0,9,0,0,0,0.1,0.1,0.1,1,0,4,5,80.0,0,5,1,3,2,0,1,0,1,0,0,0,0,0,1,0,0,
1,17,George Ilenikhena,Monaco,21.0,fr FRA,FW,18-034,32,1,0,0,0,2,1,0,0,6,0,0,0,0.4,0.4,0.0,0,0,2,2,100.0,1,4,1,1,1,0,2,1,1,0,0,0,0,0,1,0,0,
1,17,Lamine Camara,Monaco,15.0,sn SEN,DM,20-262,45,0,0,0,0,2,0,1,0,33,0,0,2,0.1,0.1,0.1,3,0,16,23,69.6,2,9,1,1,0,0,1,1,0,2,0,0,0,0,2,0,0,
1,17,Maghnes Akliouche,Monaco,11.0,fr FRA,"RW,RM",22-207,90,1,0,0,0,1,1,0,0,49,1,1,1,0.1,0.1,0.1,5,1,37,44,84.1,6,27,4,2,2,0,2,1,0,3,1,0,0,0,4,0,1,0.0
1,17,Mohammed Salisu,Monaco,22.0,gh GHA,CB,25-155,90,0,0,0,0,1,1,0,0,69,2,2,0,0.1,0.1,0.0,0,0,50,58,86.2,5,32,0,0,0,0,1,0,0,0,1,0,0,0,1,5,1,83.3
1,17,Philipp Köhn,Monaco,16.0,ch SUI,GK,26-170,90,0,0,0,0,0,0,0,0,24,1,0,0,0.0,0.0,0.0,0,0,17,23,73.9,0,10,0,0,0,0,0,1,0,0,1,0,0,0,1,1,0,100.0
1,17,Takumi Minamino,Monaco,18.0,jp JPN,AM,29-247,69,0,0,0,0,3,0,0,0,19,2,1,0,0.1,0.1,0.1,5,0,6,11,54.5,2,9,0,0,0,0,0,1,1,0,1,0,0,0,2,0,0,
1,17,Thilo Kehrer,Monaco,5.0,de GER,CB,27-364,90,0,0,0,0,1,0,0,0,61,1,1,0,0.1,0.1,0.0,3,0,54,58,93.1,6,30,0,0,0,0,1,0,0,0,1,0,0,0,6,0,1,0.0
1,17,Vanderson,Monaco,2.0,br BRA,LB,23-090,87,0,2,0,0,1,1,0,0,61,1,2,1,0.0,0.0,0.5,3,2,37,51,72.5,4,25,1,1,0,0,2,1,0,0,1,0,0,0,6,2,1,66.7
1,17,Wilfried Singo,Monaco,17.0,ci CIV,RB,23-269,90,0,0,0,0,1,0,0,0,63,2,0,1,0.0,0.0,0.1,1,0,44,58,75.9,4,26,1,0,0,0,1,1,1,6,2,0,0,0,7,0,1,0.0
1,17,Alejandro Balde,Barcelona,3.0,es ESP,LB,20-337,87,0,0,0,0,1,0,1,0,25,0,1,2,0.2,0.2,0.0,1,0,12,18,66.7,4,12,2,2,1,0,0,1,0,0,0,0,0,0,1,0,0,
1,17,Ansu Fati,Barcelona,10.0,es ESP,LW,21-324,3,0,0,0,0,0,0,0,0,0,0,0,0,0.0,0.0,0.0,0,0,0,0,,0,1,0,0,0,0,0,0,0,0,0,0,0,0,0,0,0,
1,17,Eric García,Barcelona,24.0,es ESP,DM,23-254,9,0,0,0,0,0,0,0,1,5,0,0,0,0.0,0.0,0.0,0,0,4,5,80.0,0,1,0,0,0,0,1,1,0,0,0,0,0,0,2,0,0,
1,17,Ferrán Torres,Barcelona,7.0,es ESP,"CB,FW",24-203,11,0,0,0,0,0,0,0,0,2,0,0,1,0.0,0.0,0.0,0,0,0,0,,0,0,0,0,0,0,0,0,0,0,0,0,0,0,0,0,1,0.0
1,17,Gerard Martín,Barcelona,35.0,es ESP,"RW,LB",22-262,11,0,0,0,0,0,0,0,0,5,0,0,0,0.0,0.0,0.0,0,0,3,4,75.0,0,4,0,0,0,0,1,0,0,0,0,0,0,0,0,0,0,
1,17,Iñigo Martínez,Barcelona,5.0,es ESP,CB,33-125,90,0,0,0,0,0,0,1,0,47,1,1,1,0.0,0.0,0.0,0,0,35,39,89.7,2,21,1,0,0,0,1,1,0,0,1,0,0,0,2,1,1,50.0
1,17,Jules Koundé,Barcelona,23.0,fr FRA,RB,25-312,90,0,0,0,0,0,0,0,0,58,2,0,1,0.0,0.0,0.0,0,0,40,47,85.1,1,19,0,3,2,0,1,1,0,1,2,0,0,0,3,2,0,100.0
1,17,Lamine Yamal,Barcelona,19.0,es ESP,RW,17-068,79,1,0,0,0,2,1,0,0,32,1,0,0,0.2,0.2,0.0,0,0,16,23,69.6,5,24,4,4,0,0,2,2,0,1,1,0,0,0,5,0,0,
1,17,Marc Casado,Barcelona,17.0,es ESP,DM,21-005,90,0,1,0,0,0,0,1,0,63,3,0,1,0.0,0.0,0.0,3,1,44,51,86.3,8,30,0,0,0,0,4,2,0,1,2,0,0,0,5,1,0,100.0
1,17,Marc-André ter Stegen,Barcelona,1.0,de GER,GK,32-142,90,0,0,0,0,0,0,0,0,61,0,0,0,0.0,0.0,0.0,0,0,39,56,69.6,0,45,0,0,0,0,0,0,0,0,0,0,0,0,6,2,0,100.0
1,17,Pablo Torre,Barcelona,14.0,es ESP,DM,21-169,8,0,0,0,0,0,0,0,0,4,0,0,0,0.0,0.0,0.0,0,0,4,4,100.0,0,3,0,0,0,0,0,0,0,0,0,0,0,0,0,0,0,
1,17,Pau Cubarsí,Barcelona,2.0,es ESP,CB,17-241,79,0,0,0,0,0,0,0,0,52,1,0,1,0.0,0.0,0.0,1,1,39,44,88.6,2,27,0,0,0,0,1,0,0,0,1,0,0,0,1,1,0,100.0
1,17,Pedri,Barcelona,8.0,es ESP,"DM,AM",21-299,82,0,0,0,0,0,0,0,0,49,3,1,2,0.0,0.0,0.0,1,0,32,36,88.9,4,20,1,1,0,0,1,1,0,0,1,0,0,0,5,0,1,0.0
1,17,Raphinha,Barcelona,11.0,br BRA,"LW,RW",27-280,90,0,0,0,0,1,0,0,0,37,0,0,0,0.0,0.0,0.2,2,0,16,29,55.2,5,21,2,4,1,0,1,3,2,3,0,0,0,0,2,0,0,
1,17,Robert Lewandowski,Barcelona,9.0,pl POL,FW,36-029,79,0,0,0,0,0,0,0,0,22,0,0,0,0.0,0.0,0.2,0,0,14,19,73.7,3,8,0,0,0,0,1,2,0,0,0,0,0,0,0,1,5,16.7
1,17,Sergi Dominguez,Barcelona,36.0,es ESP,"FW,CB",19-171,11,0,0,0,0,0,0,0,0,7,1,1,0,0.0,0.0,0.0,0,0,2,3,66.7,1,1,0,0,0,0,0,0,0,0,1,0,0,0,1,0,0,
1,18,Alexander Sørloth,Atlético Madrid,9.0,no NOR,FW,28-289,28,0,0,0,0,2,2,0,0,16,1,0,0,0.1,0.1,0.0,1,0,5,7,71.4,0,10,1,3,1,0,3,2,0,0,1,0,0,0,0,0,1,0.0
1,18,Antoine Griezmann,Atlético Madrid,7.0,fr FRA,AM,33-182,89,1,1,0,0,5,1,0,0,69,3,1,1,0.9,0.9,0.3,9,1,43,56,76.8,5,38,3,2,2,0,1,1,1,7,2,0,0,0,8,2,0,100.0
1,18,Axel Witsel,Atlético Madrid,20.0,be BEL,AM,35-251,1,0,0,0,0,0,0,0,0,1,0,0,0,0.0,0.0,0.0,0,0,1,1,100.0,0,0,0,0,0,0,0,0,0,0,0,0,0,0,0,0,0,
1,18,Conor Gallagher,Atlético Madrid,4.0,eng ENG,CM,24-226,28,0,0,0,0,0,0,0,0,26,1,0,2,0.0,0.0,0.0,0,0,21,23,91.3,2,10,0,0,0,0,1,1,0,0,1,0,0,0,1,2,0,100.0
1,18,Jan Oblak,Atlético Madrid,13.0,si SVN,GK,31-256,90,0,0,0,0,0,0,0,0,20,0,0,0,0.0,0.0,0.0,0,0,16,18,88.9,0,14,0,0,0,0,0,0,0,0,0,0,0,0,3,1,0,100.0
1,18,José María Giménez,Atlético Madrid,2.0,uy URU,CB,29-243,90,1,0,0,0,2,1,1,0,101,1,0,0,0.1,0.1,0.0,0,0,81,89,91.0,6,66,0,0,0,0,1,2,0,0,0,0,0,0,10,5,5,50.0
1,18,Julián Álvarez,Atlético Madrid,19.0,ar ARG,FW,24-232,62,0,0,0,0,2,0,0,0,17,2,0,0,0.2,0.2,0.0,2,0,10,13,76.9,0,9,0,0,0,0,0,1,0,0,2,0,0,0,1,0,0,
1,18,Koke,Atlético Madrid,6.0,es ESP,CM,32-255,90,0,0,0,0,0,0,0,0,72,3,0,3,0.0,0.0,0.0,1,0,60,66,90.9,6,54,0,0,0,0,0,1,0,2,2,0,0,0,3,0,0,
1,18,Marcos Llorente,Atlético Madrid,14.0,es ESP,WB,29-233,90,0,1,0,0,2,0,0,0,61,0,2,1,0.1,0.1,0.5,6,1,39,50,78.0,6,36,7,2,0,0,3,1,0,5,0,0,0,0,4,0,1,0.0
1,18,Nahuel Molina,Atlético Madrid,16.0,ar ARG,AM,26-166,25,0,0,0,0,0,0,0,0,29,1,0,0,0.0,0.0,0.1,1,0,18,27,66.7,2,21,1,0,0,0,0,0,0,2,0,0,0,0,1,0,0,
1,18,Reinildo Mandava,Atlético Madrid,23.0,mz MOZ,CB,30-242,90,0,0,0,0,0,0,0,0,86,5,1,0,0.0,0.0,0.0,0,0,75,80,93.8,6,54,2,0,0,0,0,1,0,1,3,0,0,0,2,2,0,100.0
1,18,Robin Le Normand,Atlético Madrid,24.0,es ESP,CB,27-313,90,0,0,0,0,1,0,1,0,56,1,0,1,0.0,0.0,0.0,1,1,45,51,88.2,3,40,0,0,0,0,2,0,0,0,0,0,0,0,3,1,2,33.3
1,18,Rodrigo De Paul,Atlético Madrid,5.0,ar ARG,CM,30-118,62,0,0,0,0,0,0,1,0,50,1,0,2,0.0,0.0,0.1,6,0,31,43,72.1,6,37,3,3,1,0,0,1,0,4,0,0,0,0,6,0,0,
1,18,Rodrigo Riquelme,Atlético Madrid,17.0,es ESP,WB,24-170,62,0,0,0,0,1,0,0,0,43,1,0,1,0.0,0.0,0.2,4,0,29,37,78.4,2,30,3,0,0,0,0,0,0,3,1,0,0,0,4,0,0,
1,18,Samuel Lino,Atlético Madrid,12.0,br BRA,WB,24-271,28,0,0,0,0,1,0,0,0,21,1,0,0,0.1,0.1,0.0,1,0,14,16,87.5,2,14,0,2,1,0,0,1,1,1,1,0,0,0,1,0,0,
1,18,Ángel Correa,Atlético Madrid,10.0,ar ARG,AM,29-194,65,0,0,0,0,5,0,0,0,32,0,0,0,0.2,0.2,0.4,5,1,16,22,72.7,3,21,5,1,1,0,2,1,1,0,0,0,0,0,6,0,0,
1,18,Amadou Haidara,RB Leipzig,8.0,ml MLI,CM,26-232,90,0,0,0,0,0,0,0,0,64,1,3,4,0.0,0.0,0.0,3,0,41,54,75.9,4,21,0,0,0,0,2,0,0,0,0,0,0,0,8,0,2,0.0
1,18,Antonio Nusa,RB Leipzig,7.0,no NOR,RM,19-155,45,0,0,0,0,0,0,0,0,12,0,0,0,0.0,0.0,0.0,0,0,4,9,44.4,1,7,0,1,0,0,0,0,0,0,0,0,0,0,1,0,0,
1,18,Arthur Vermeeren,RB Leipzig,18.0,be BEL,CM,19-225,59,0,0,0,0,0,0,0,0,42,1,1,2,0.0,0.0,0.0,0,0,30,35,85.7,1,15,0,0,0,0,0,0,0,0,0,0,0,0,1,0,1,0.0
1,18,Benjamin Henrichs,RB Leipzig,39.0,de GER,RB,27-209,69,0,0,0,0,1,1,1,0,49,1,1,2,0.1,0.1,0.0,0,0,37,42,88.1,3,19,0,1,0,0,2,0,0,0,1,0,0,0,2,0,1,0.0
1,18,Benjamin Šeško,RB Leipzig,30.0,si SVN,FW,21-111,69,1,0,0,0,2,1,0,0,16,0,0,1,0.3,0.3,0.0,0,0,5,9,55.6,0,10,1,0,0,0,1,2,0,0,0,0,0,0,1,3,2,60.0
1,18,Castello Lukeba,RB Leipzig,23.0,fr FRA,CB,21-277,90,0,0,0,0,0,0,1,0,102,1,0,4,0.0,0.0,0.0,1,0,82,89,92.1,1,60,2,0,0,0,2,2,0,0,0,0,0,0,3,1,1,50.0
1,18,Christoph Baumgartner,RB Leipzig,14.0,at AUT,RM,25-049,45,0,0,0,0,0,0,1,0,24,1,0,0,0.0,0.0,0.0,1,0,14,17,82.4,2,12,1,0,0,0,1,0,0,1,1,0,0,0,2,0,0,
1,18,David Raum,RB Leipzig,22.0,de GER,LB,26-150,90,0,0,0,0,0,0,0,0,66,3,2,1,0.0,0.0,0.1,3,0,46,57,80.7,2,25,2,1,1,0,1,0,1,4,2,0,0,0,3,0,2,0.0
1,18,Elif Elmas,RB Leipzig,6.0,mk MKD,LM,24-361,8,0,0,0,0,0,0,0,0,5,1,0,0,0.0,0.0,0.0,0,0,4,4,100.0,1,2,0,0,0,0,0,2,0,0,0,0,0,0,1,0,1,0.0
1,18,Loïs Openda,RB Leipzig,11.0,be BEL,FW,24-216,90,0,0,0,0,1,1,1,0,24,0,1,1,0.2,0.2,0.0,1,1,11,16,68.8,2,8,1,3,0,0,1,0,0,0,0,0,0,0,3,2,1,66.7
1,18,Lutsharel Geertruida,RB Leipzig,3.0,nl NED,"RB,FW",24-063,21,0,0,0,0,0,0,0,0,16,0,0,0,0.0,0.0,0.0,0,0,12,14,85.7,0,6,1,0,0,0,0,0,0,1,0,0,0,0,1,0,0,
1,18,Nicolas Seiwald,RB Leipzig,13.0,at AUT,CM,23-138,31,0,0,0,0,0,0,0,0,21,1,1,0,0.0,0.0,0.0,0,0,18,19,94.7,1,11,0,0,0,0,0,0,0,0,1,0,0,0,1,0,1,0.0
1,18,Péter Gulácsi,RB Leipzig,1.0,hu HUN,GK,34-136,90,0,0,0,0,0,0,0,0,67,0,0,0,0.0,0.0,0.0,0,0,62,66,93.9,0,45,0,0,0,0,0,0,0,0,0,0,0,0,0,0,0,
1,18,Willi Orban,RB Leipzig,4.0,hu HUN,CB,31-321,90,0,0,0,0,0,0,0,0,91,0,0,3,0.0,0.0,0.0,0,0,76,83,91.6,1,59,1,0,0,0,1,1,0,0,0,0,0,0,1,1,1,50.0
1,18,Xavi Simons,RB Leipzig,10.0,nl NED,LM,21-151,82,0,0,0,0,2,0,0,0,53,0,1,1,0.1,0.1,0.0,2,0,29,41,70.7,5,24,1,4,0,0,0,5,0,2,0,0,0,0,4,0,0,
1,18,Yussuf Poulsen,RB Leipzig,9.0,dk DEN,FW,30-096,21,0,0,0,0,1,0,0,0,8,0,0,0,0.1,0.1,0.1,1,0,1,4,25.0,0,1,0,0,0,0,2,0,0,0,0,0,0,0,0,2,0,100.0
